"pathway","NES","padj","GeneID","GeneName","logFC","FDR","Significant"
"Sulfur metabolism",2.14539945740456,7.66193089178262e-05,"ECs_3387","3-mercaptopyruvate sulfurtransferase",-0.292232799369341,0.682247348848608,"Not Significant"
"Sulfur metabolism",2.14539945740456,7.66193089178262e-05,"ECs_1019","aliphatic sulfonate ABC transporter periplasmic binding protein",-0.315498745615474,0.638655746237622,"Not Significant"
"Sulfur metabolism",2.14539945740456,7.66193089178262e-05,"ECs_2377","thiosulfate reductase cytochrome B",-0.32156117329074,0.551423343753663,"Not Significant"
"Sulfur metabolism",2.14539945740456,7.66193089178262e-05,"ECs_4868","cystathionine gamma-synthase",-0.343910049818525,0.309864231060286,"Not Significant"
"Sulfur metabolism",2.14539945740456,7.66193089178262e-05,"ECs_0421","taurine ABC transporter permease",-0.4242157134179,0.565115772845294,"Not Significant"
"Sulfur metabolism",2.14539945740456,7.66193089178262e-05,"ECs_3604","adenosine 5'-phosphosulfate kinase",-0.466979726268512,0.305261067004606,"Not Significant"
"Sulfur metabolism",2.14539945740456,7.66193089178262e-05,"ECs_0981","anaerobic dimethyl sulfoxide reductase subunit C",-0.473020104618767,0.128016395846905,"Not Significant"
"Sulfur metabolism",2.14539945740456,7.66193089178262e-05,"ECs_0419","taurine ABC transporter periplasmic binding protein",-0.487379776565804,0.418828238554169,"Not Significant"
"Sulfur metabolism",2.14539945740456,7.66193089178262e-05,"ECs_0979","anaerobic dimethyl sulfoxide reductase subunit A",-0.515038662255511,0.157059535391595,"Not Significant"
"Sulfur metabolism",2.14539945740456,7.66193089178262e-05,"ECs_1020","NAD(P)H-dependent FMN reductase",-0.604289747258669,0.34590216798883,"Not Significant"
"Sulfur metabolism",2.14539945740456,7.66193089178262e-05,"ECs_3617","3'-phosphoadenosine 5'-phosphosulfate reductase",-0.617224891518791,0.459418899890651,"Not Significant"
"Sulfur metabolism",2.14539945740456,7.66193089178262e-05,"ECs_3294","sulfate/thiosulfate ABC transporter permease",-0.644563526289537,0.148042533749604,"Not Significant"
"Sulfur metabolism",2.14539945740456,7.66193089178262e-05,"ECs_0980","anaerobic dimethyl sulfoxide reductase subunit B",-0.66246526929553,0.054379431935693,"Not Significant"
"Sulfur metabolism",2.14539945740456,7.66193089178262e-05,"ECs_3286","cysteine synthase A",-0.694764092093047,0.0467090456193818,"Not Significant"
"Sulfur metabolism",2.14539945740456,7.66193089178262e-05,"ECs_3605","sulfate adenylyltransferase subunit 1",-0.703761821361827,0.0922750882617929,"Not Significant"
"Sulfur metabolism",2.14539945740456,7.66193089178262e-05,"ECs_3618","sulfite reductase beta subunit",-0.828861267537094,0.265072327272651,"Not Significant"
"Sulfur metabolism",2.14539945740456,7.66193089178262e-05,"ECs_3606","sulfate adenylyltransferase subunit 2",-0.868414861608651,0.0464598248389027,"Not Significant"
"Sulfur metabolism",2.14539945740456,7.66193089178262e-05,"ECs_4842","sulfate transporter subunit",-0.899539767222412,0.0669851036745137,"Not Significant"
"Sulfur metabolism",2.14539945740456,7.66193089178262e-05,"ECs_4268","thiosulfate:cyanide sulfurtransferase",-0.928297257060785,0.12111010173147,"Not Significant"
"Sulfur metabolism",2.14539945740456,7.66193089178262e-05,"ECs_3295","sulfate/thiosulfate ABC transporter permease",-1.11819667807043,0.0107220146681208,"Downregulated in SAC"
"Sulfur metabolism",2.14539945740456,7.66193089178262e-05,"ECs_3619","sulfite reductase alpha subunit flavoprotein",-1.34205572721744,0.0163091308746778,"Downregulated in SAC"
"Sulfur metabolism",2.14539945740456,7.66193089178262e-05,"ECs_0422","taurine dioxygenase",-1.41107880770476,0.0173583506876634,"Downregulated in SAC"
"Sulfur metabolism",2.14539945740456,7.66193089178262e-05,"ECs_3296","thiosulfate-binding protein",-1.6992236261781,0.00253024996236222,"Downregulated in SAC"
"Biotin metabolism",2.07834526503105,0.000123553458087954,"ECs_0852","7,8-diaminopelargonic acid synthase",-1.7925787581321,0.0334959315571781,"Downregulated in SAC"
"Biotin metabolism",2.07834526503105,0.000123553458087954,"ECs_0855","malonyl-ACP O-methyltransferase",-1.92763800406867,0.0398175833768854,"Downregulated in SAC"
"Biotin metabolism",2.07834526503105,0.000123553458087954,"ECs_0856","dethiobiotin synthetase",-2.10504498363753,0.0239266609315358,"Downregulated in SAC"
"Biotin metabolism",2.07834526503105,0.000123553458087954,"ECs_0854","8-amino-7-oxononanoate synthase",-2.30332451906519,0.0147125000907457,"Downregulated in SAC"
"Biotin metabolism",2.07834526503105,0.000123553458087954,"ECs_0853","biotin synthase",-2.48208863357692,0.0126438616189126,"Downregulated in SAC"
"Alanine, aspartate and glutamate metabolism",2.06849234132862,0.000247199431286239,"ECs_3523","4-aminobutyrate aminotransferase",-0.419454699087477,0.45418606917814,"Not Significant"
"Alanine, aspartate and glutamate metabolism",2.06849234132862,0.000247199431286239,"ECs_4092","glutamate synthase small subunit",-0.42655732548572,0.372889916242447,"Not Significant"
"Alanine, aspartate and glutamate metabolism",2.06849234132862,0.000247199431286239,"ECs_1603","adenylosuccinate lyase",-0.490231128004951,0.127113828948898,"Not Significant"
"Alanine, aspartate and glutamate metabolism",2.06849234132862,0.000247199431286239,"ECs_3833","periplasmic L-asparaginase 2",-0.530119735649704,0.142087225914748,"Not Significant"
"Alanine, aspartate and glutamate metabolism",2.06849234132862,0.000247199431286239,"ECs_5153","adenylosuccinate synthetase",-0.555639030920608,0.589475899256632,"Not Significant"
"Alanine, aspartate and glutamate metabolism",2.06849234132862,0.000247199431286239,"ECs_3196","amidophosphoribosyltransferase",-0.664589286524896,0.0664682751446937,"Not Significant"
"Alanine, aspartate and glutamate metabolism",2.06849234132862,0.000247199431286239,"ECs_2098","glutamate decarboxylase B",-0.950820842117362,0.598818302516067,"Not Significant"
"Alanine, aspartate and glutamate metabolism",2.06849234132862,0.000247199431286239,"ECs_4052","argininosuccinate synthetase",-0.992582822704281,0.0325501619305671,"Not Significant"
"Alanine, aspartate and glutamate metabolism",2.06849234132862,0.000247199431286239,"ECs_4889","argininosuccinate lyase",-1.14038804059086,0.129189425169399,"Not Significant"
"Alanine, aspartate and glutamate metabolism",2.06849234132862,0.000247199431286239,"ECs_0035","carbamoyl phosphate synthetase small subunit",-3.28774772416422,0.0452265567201431,"Downregulated in SAC"
"Alanine, aspartate and glutamate metabolism",2.06849234132862,0.000247199431286239,"ECs_0036","carbamoyl-phosphate synthase large subunit",-3.51404245435987,0.0287854847448018,"Downregulated in SAC"
"Alanine, aspartate and glutamate metabolism",2.06849234132862,0.000247199431286239,"ECs_5221","aspartate carbamoyltransferase regulatory subunit",-3.73957626834887,0.0470850126442065,"Downregulated in SAC"
"Alanine, aspartate and glutamate metabolism",2.06849234132862,0.000247199431286239,"ECs_5222","aspartate carbamoyltransferase",-3.7536859390314,0.0331162099648888,"Downregulated in SAC"
"Biosynthesis of cofactors",1.98342423970242,1.7806390581566e-06,"ECs_5153","adenylosuccinate synthetase",-0.555639030920608,0.589475899256632,"Not Significant"
"Biosynthesis of cofactors",1.98342423970242,1.7806390581566e-06,"ECs_3417","serine hydroxymethyltransferase",-0.576042061814717,0.185906713243396,"Not Significant"
"Biosynthesis of cofactors",1.98342423970242,1.7806390581566e-06,"ECs_1029","dihydro-orotate oxidase",-0.584313126894649,0.216359087909963,"Not Significant"
"Biosynthesis of cofactors",1.98342423970242,1.7806390581566e-06,"ECs_0173","uridylate kinase",-0.628206131462157,0.0747382082266096,"Not Significant"
"Biosynthesis of cofactors",1.98342423970242,1.7806390581566e-06,"ECs_3307","coproporphyrinogen III oxidase",-0.677156052126721,0.0544051428650202,"Not Significant"
"Biosynthesis of cofactors",1.98342423970242,1.7806390581566e-06,"ECs_3593","phenylacrylic acid decarboxylase",-0.697237178758608,0.135250928291855,"Not Significant"
"Biosynthesis of cofactors",1.98342423970242,1.7806390581566e-06,"ECs_1440","dihydroorotase",-0.801898627023733,0.0526649170079911,"Not Significant"
"Biosynthesis of cofactors",1.98342423970242,1.7806390581566e-06,"ECs_3045","GTP cyclohydrolase I",-0.915010035771833,0.0753841198401215,"Not Significant"
"Biosynthesis of cofactors",1.98342423970242,1.7806390581566e-06,"ECs_4517","orotate phosphoribosyltransferase",-0.922172144482937,0.425432862159076,"Not Significant"
"Biosynthesis of cofactors",1.98342423970242,1.7806390581566e-06,"ECs_3823","glutathione synthetase",-0.964077626503861,0.016055326528691,"Not Significant"
"Biosynthesis of cofactors",1.98342423970242,1.7806390581566e-06,"ECs_0528","ferrochelatase",-1.39250158264463,0.0225628887352564,"Downregulated in SAC"
"Biosynthesis of cofactors",1.98342423970242,1.7806390581566e-06,"ECs_0423","5-aminolevulinate dehydratase",-1.55449652012048,0.00193693205871683,"Downregulated in SAC"
"Biosynthesis of cofactors",1.98342423970242,1.7806390581566e-06,"ECs_0852","7,8-diaminopelargonic acid synthase",-1.7925787581321,0.0334959315571781,"Downregulated in SAC"
"Biosynthesis of cofactors",1.98342423970242,1.7806390581566e-06,"ECs_0855","malonyl-ACP O-methyltransferase",-1.92763800406867,0.0398175833768854,"Downregulated in SAC"
"Biosynthesis of cofactors",1.98342423970242,1.7806390581566e-06,"ECs_0856","dethiobiotin synthetase",-2.10504498363753,0.0239266609315358,"Downregulated in SAC"
"Biosynthesis of cofactors",1.98342423970242,1.7806390581566e-06,"ECs_0854","8-amino-7-oxononanoate synthase",-2.30332451906519,0.0147125000907457,"Downregulated in SAC"
"Biosynthesis of cofactors",1.98342423970242,1.7806390581566e-06,"ECs_0853","biotin synthase",-2.48208863357692,0.0126438616189126,"Downregulated in SAC"
"Biosynthesis of cofactors",1.98342423970242,1.7806390581566e-06,"ECs_0035","carbamoyl phosphate synthetase small subunit",-3.28774772416422,0.0452265567201431,"Downregulated in SAC"
"Biosynthesis of cofactors",1.98342423970242,1.7806390581566e-06,"ECs_0036","carbamoyl-phosphate synthase large subunit",-3.51404245435987,0.0287854847448018,"Downregulated in SAC"
"Biosynthesis of cofactors",1.98342423970242,1.7806390581566e-06,"ECs_5221","aspartate carbamoyltransferase regulatory subunit",-3.73957626834887,0.0470850126442065,"Downregulated in SAC"
"Biosynthesis of cofactors",1.98342423970242,1.7806390581566e-06,"ECs_5222","aspartate carbamoyltransferase",-3.7536859390314,0.0331162099648888,"Downregulated in SAC"
"Arginine biosynthesis",1.85270429952552,0.00881125787583215,"ECs_3747","amino acid kinase",-0.478682568153084,0.244629355569944,"Not Significant"
"Arginine biosynthesis",1.85270429952552,0.00881125787583215,"ECs_4210","acetylornithine delta-aminotransferase",-0.559495476957131,0.0952095569456989,"Not Significant"
"Arginine biosynthesis",1.85270429952552,0.00881125787583215,"ECs_0583","carbonate kinase",-0.696675487175729,0.15517507276528,"Not Significant"
"Arginine biosynthesis",1.85270429952552,0.00881125787583215,"ECs_3675","N-acetylglutamate synthase",-0.712065741985048,0.0510112788914734,"Not Significant"
"Arginine biosynthesis",1.85270429952552,0.00881125787583215,"ECs_4888","acetylglutamate kinase",-0.731516404476739,0.0499616104984994,"Not Significant"
"Arginine biosynthesis",1.85270429952552,0.00881125787583215,"ECs_4052","argininosuccinate synthetase",-0.992582822704281,0.0325501619305671,"Not Significant"
"Arginine biosynthesis",1.85270429952552,0.00881125787583215,"ECs_4889","argininosuccinate lyase",-1.14038804059086,0.129189425169399,"Not Significant"
"Arginine biosynthesis",1.85270429952552,0.00881125787583215,"ECs_4887","N-acetyl-gamma-glutamyl-phosphate reductase",-1.26986127817592,0.0247208152324518,"Downregulated in SAC"
"Arginine biosynthesis",1.85270429952552,0.00881125787583215,"ECs_0035","carbamoyl phosphate synthetase small subunit",-3.28774772416422,0.0452265567201431,"Downregulated in SAC"
"Arginine biosynthesis",1.85270429952552,0.00881125787583215,"ECs_0036","carbamoyl-phosphate synthase large subunit",-3.51404245435987,0.0287854847448018,"Downregulated in SAC"
"Cationic antimicrobial peptide (CAMP) resistance",1.77095579610581,0.00918519247020045,"ECs_0515","multidrug efflux system protein",-0.594342795587681,0.166155808701169,"Not Significant"
"Cationic antimicrobial peptide (CAMP) resistance",1.77095579610581,0.00918519247020045,"ECs_0516","multidrug efflux system",-0.692925550408657,0.106961002833594,"Not Significant"
"Cationic antimicrobial peptide (CAMP) resistance",1.77095579610581,0.00918519247020045,"ECs_4425","KDO phosphoethanolamine transferase",-0.706654430596225,0.138402298847581,"Not Significant"
"Cationic antimicrobial peptide (CAMP) resistance",1.77095579610581,0.00918519247020045,"ECs_1491","L,D-transpeptidase linking Lpp to murein",-0.725284067502263,0.116362537817582,"Not Significant"
"Cationic antimicrobial peptide (CAMP) resistance",1.77095579610581,0.00918519247020045,"ECs_4783","periplasmic protein disulfide isomerase I",-0.755611573338727,0.031950488285478,"Not Significant"
"Cationic antimicrobial peptide (CAMP) resistance",1.77095579610581,0.00918519247020045,"ECs_3923","transport channel",-0.782972952616253,0.0240146061147272,"Not Significant"
"Cationic antimicrobial peptide (CAMP) resistance",1.77095579610581,0.00918519247020045,"ECs_4214","peptidyl-prolyl cis-trans isomerase A",-1.16235470624975,0.0139385411757192,"Downregulated in SAC"
"Cationic antimicrobial peptide (CAMP) resistance",1.77095579610581,0.00918519247020045,"ECs_1864","multidrug efflux system protein",-1.65725575485061,0.00881650783513475,"Downregulated in SAC"
"Cationic antimicrobial peptide (CAMP) resistance",1.77095579610581,0.00918519247020045,"ECs_0165","serine endoprotease",-1.6652004611333,0.00441870095317666,"Downregulated in SAC"
"Cationic antimicrobial peptide (CAMP) resistance",1.77095579610581,0.00918519247020045,"ECs_1863","multidrug-efflux transport protein precursor",-2.01670003887468,0.00730155013650532,"Downregulated in SAC"
"Cationic antimicrobial peptide (CAMP) resistance",1.77095579610581,0.00918519247020045,"ECs_2138","multiple antibiotic resistance transcriptional regulator",-2.67290863326561,0.00448721833024348,"Downregulated in SAC"
"Pyrimidine metabolism",1.68567692009337,0.0137742905904986,"ECs_1029","dihydro-orotate oxidase",-0.584313126894649,0.216359087909963,"Not Significant"
"Pyrimidine metabolism",1.68567692009337,0.0137742905904986,"ECs_0173","uridylate kinase",-0.628206131462157,0.0747382082266096,"Not Significant"
"Pyrimidine metabolism",1.68567692009337,0.0137742905904986,"ECs_5341","thymidine phosphorylase",-0.649886158783999,0.10028591070134,"Not Significant"
"Pyrimidine metabolism",1.68567692009337,0.0137742905904986,"ECs_1258","pyrimidine oxygenase",-0.660547801103964,0.598818302516067,"Not Significant"
"Pyrimidine metabolism",1.68567692009337,0.0137742905904986,"ECs_3360","uracil phosphoribosyltransferase",-0.767257576937061,0.256509249175933,"Not Significant"
"Pyrimidine metabolism",1.68567692009337,0.0137742905904986,"ECs_1440","dihydroorotase",-0.801898627023733,0.0526649170079911,"Not Significant"
"Pyrimidine metabolism",1.68567692009337,0.0137742905904986,"ECs_4517","orotate phosphoribosyltransferase",-0.922172144482937,0.425432862159076,"Not Significant"
"Pyrimidine metabolism",1.68567692009337,0.0137742905904986,"ECs_1257","ureidoacrylate amidohydrolase",-1.25538381779501,0.253292954512929,"Not Significant"
"Pyrimidine metabolism",1.68567692009337,0.0137742905904986,"ECs_0390","cytosine/isoguanine deaminase",-1.54785667542582,0.0423664907943051,"Downregulated in SAC"
"Pyrimidine metabolism",1.68567692009337,0.0137742905904986,"ECs_0035","carbamoyl phosphate synthetase small subunit",-3.28774772416422,0.0452265567201431,"Downregulated in SAC"
"Pyrimidine metabolism",1.68567692009337,0.0137742905904986,"ECs_0036","carbamoyl-phosphate synthase large subunit",-3.51404245435987,0.0287854847448018,"Downregulated in SAC"
"Pyrimidine metabolism",1.68567692009337,0.0137742905904986,"ECs_5221","aspartate carbamoyltransferase regulatory subunit",-3.73957626834887,0.0470850126442065,"Downregulated in SAC"
"Pyrimidine metabolism",1.68567692009337,0.0137742905904986,"ECs_5222","aspartate carbamoyltransferase",-3.7536859390314,0.0331162099648888,"Downregulated in SAC"
"Purine metabolism",1.62026455910934,0.0125298957306607,"ECs_2559","phosphoribosylglycinamide formyltransferase 2",-0.414950492129732,0.347562231690954,"Not Significant"
"Purine metabolism",1.62026455910934,0.0125298957306607,"ECs_3739","xanthine dehydrogenase molybdenum binding subunit",-0.428090574801524,0.288546529450591,"Not Significant"
"Purine metabolism",1.62026455910934,0.0125298957306607,"ECs_3604","adenosine 5'-phosphosulfate kinase",-0.466979726268512,0.305261067004606,"Not Significant"
"Purine metabolism",1.62026455910934,0.0125298957306607,"ECs_5343","purine nucleoside phosphorylase",-0.47103540017454,0.138935220602752,"Not Significant"
"Purine metabolism",1.62026455910934,0.0125298957306607,"ECs_3747","amino acid kinase",-0.478682568153084,0.244629355569944,"Not Significant"
"Purine metabolism",1.62026455910934,0.0125298957306607,"ECs_1603","adenylosuccinate lyase",-0.490231128004951,0.127113828948898,"Not Significant"
"Purine metabolism",1.62026455910934,0.0125298957306607,"ECs_5342","phosphopentomutase",-0.506588180937897,0.109718474058301,"Not Significant"
"Purine metabolism",1.62026455910934,0.0125298957306607,"ECs_5153","adenylosuccinate synthetase",-0.555639030920608,0.589475899256632,"Not Significant"
"Purine metabolism",1.62026455910934,0.0125298957306607,"ECs_0582","anaerobic allantoin catabolic oxamate carbamoyltransferase",-0.588012454574093,0.27536701824894,"Not Significant"
"Purine metabolism",1.62026455910934,0.0125298957306607,"ECs_3196","amidophosphoribosyltransferase",-0.664589286524896,0.0664682751446937,"Not Significant"
"Purine metabolism",1.62026455910934,0.0125298957306607,"ECs_0583","carbonate kinase",-0.696675487175729,0.15517507276528,"Not Significant"
"Purine metabolism",1.62026455910934,0.0125298957306607,"ECs_3605","sulfate adenylyltransferase subunit 1",-0.703761821361827,0.0922750882617929,"Not Significant"
"Purine metabolism",1.62026455910934,0.0125298957306607,"ECs_0108","GMP reductase",-0.740187140492187,0.179288311970148,"Not Significant"
"Purine metabolism",1.62026455910934,0.0125298957306607,"ECs_0585","N5-carboxyaminoimidazole ribonucleotide mutase",-0.818521236847839,0.0733008152256121,"Not Significant"
"Purine metabolism",1.62026455910934,0.0125298957306607,"ECs_3361","phosphoribosylaminoimidazole synthetase",-0.838635134730006,0.0590762967830201,"Not Significant"
"Purine metabolism",1.62026455910934,0.0125298957306607,"ECs_3362","phosphoribosylglycinamide formyltransferase 1",-0.853341964647515,0.046174234444852,"Not Significant"
"Purine metabolism",1.62026455910934,0.0125298957306607,"ECs_3606","sulfate adenylyltransferase subunit 2",-0.868414861608651,0.0464598248389027,"Not Significant"
"Purine metabolism",1.62026455910934,0.0125298957306607,"ECs_4928","phosphoribosylglycinamide synthetase phosphoribosylamine-glycine ligase",-0.898232777023686,0.166155808701169,"Not Significant"
"Purine metabolism",1.62026455910934,0.0125298957306607,"ECs_3423","phosphoribosylformyl-glycineamide synthetase",-0.930312545649669,0.0728222247052833,"Not Significant"
"Purine metabolism",1.62026455910934,0.0125298957306607,"ECs_0584","N5-carboxyaminoimidazole ribonucleotide synthase",-1.02096837961613,0.0552184256982225,"Not Significant"
"Purine metabolism",1.62026455910934,0.0125298957306607,"ECs_4929","IMP cyclohydrolase and phosphoribosylaminoimidazolecarboxamide formyltransferase",-1.05309776758976,0.094332759359872,"Not Significant"
"Purine metabolism",1.62026455910934,0.0125298957306607,"ECs_3338","phosphoribosylaminoimidazole-succinocarboxamide synthetase",-1.11718488497695,0.0878119662554062,"Not Significant"
"Purine metabolism",1.62026455910934,0.0125298957306607,"ECs_2708","hydroxyisourate hydrolase",-2.45718064918618,0.00221981991147281,"Downregulated in SAC"
"Microbial metabolism in diverse environments",1.61911993466701,0.000123553458087954,"ECs_2488","glyceraldehyde-3-phosphate dehydrogenase A",-0.24576353566517,0.539220479312397,"Not Significant"
"Microbial metabolism in diverse environments",1.61911993466701,0.000123553458087954,"ECs_1129","hydrogenase 1 large subunit",-0.247375913634092,0.885716673234094,"Not Significant"
"Microbial metabolism in diverse environments",1.61911993466701,0.000123553458087954,"ECs_3135","L-rhamnonate dehydratase",-0.248917661592811,0.690402851586723,"Not Significant"
"Microbial metabolism in diverse environments",1.61911993466701,0.000123553458087954,"ECs_3663","L-fuculokinase",-0.251100156634424,0.576324479874044,"Not Significant"
"Microbial metabolism in diverse environments",1.61911993466701,0.000123553458087954,"ECs_0385","2-methylisocitrate lyase",-0.254921895738876,0.772497442747599,"Not Significant"
"Microbial metabolism in diverse environments",1.61911993466701,0.000123553458087954,"ECs_0410","S-formylglutathione hydrolase",-0.264357514641877,0.383035196040662,"Not Significant"
"Microbial metabolism in diverse environments",1.61911993466701,0.000123553458087954,"ECs_5132","fumarate reductase membrane anchor subunit",-0.2648173053245,0.606071040141636,"Not Significant"
"Microbial metabolism in diverse environments",1.61911993466701,0.000123553458087954,"ECs_5169","L-ascorbate-specific enzyme IIC permease component of PTS",-0.265144216659207,0.597852483012505,"Not Significant"
"Microbial metabolism in diverse environments",1.61911993466701,0.000123553458087954,"ECs_0411","S-(hydroxymethyl)glutathione dehydrogenase",-0.265602660925541,0.365726040132082,"Not Significant"
"Microbial metabolism in diverse environments",1.61911993466701,0.000123553458087954,"ECs_5171","L-ascorbate-specific enzyme IIA component of PTS",-0.266268839994672,0.699455231921515,"Not Significant"
"Microbial metabolism in diverse environments",1.61911993466701,0.000123553458087954,"ECs_2582","biotin sulfoxide reductase",-0.268111979567818,0.417144673610589,"Not Significant"
"Microbial metabolism in diverse environments",1.61911993466701,0.000123553458087954,"ECs_0753","succinyl-CoA synthetase beta subunit",-0.268465792674046,0.433474257843958,"Not Significant"
"Microbial metabolism in diverse environments",1.61911993466701,0.000123553458087954,"ECs_0754","succinyl-CoA synthetase alpha subunit",-0.270023323768583,0.471240784997063,"Not Significant"
"Microbial metabolism in diverse environments",1.61911993466701,0.000123553458087954,"ECs_1730","nitrate reductase 1 beta (Fe-S) subunit",-0.270500825322423,0.766295672855422,"Not Significant"
"Microbial metabolism in diverse environments",1.61911993466701,0.000123553458087954,"ECs_1879","4-aminobutyrate aminotransferase",-0.272396506481299,0.603439171954453,"Not Significant"
"Microbial metabolism in diverse environments",1.61911993466701,0.000123553458087954,"ECs_3662","L-fucose isomerase",-0.275505656165589,0.556857275265106,"Not Significant"
"Microbial metabolism in diverse environments",1.61911993466701,0.000123553458087954,"ECs_4870","5,10-methylenetetrahydrofolate reductase",-0.276092675620129,0.442184646287522,"Not Significant"
"Microbial metabolism in diverse environments",1.61911993466701,0.000123553458087954,"ECs_2561","6-phosphogluconate dehydratase",-0.276199718049828,0.354274829090743,"Not Significant"
"Microbial metabolism in diverse environments",1.61911993466701,0.000123553458087954,"ECs_0008","transaldolase B",-0.283507747865499,0.405457112168687,"Not Significant"
"Microbial metabolism in diverse environments",1.61911993466701,0.000123553458087954,"ECs_5172","3-keto-L-gulonate 6-phosphate decarboxylase",-0.28612649257432,0.627336265498716,"Not Significant"
"Microbial metabolism in diverse environments",1.61911993466701,0.000123553458087954,"ECs_3387","3-mercaptopyruvate sulfurtransferase",-0.292232799369341,0.682247348848608,"Not Significant"
"Microbial metabolism in diverse environments",1.61911993466701,0.000123553458087954,"ECs_3046","S-formylglutathione hydrolase",-0.294344825383266,0.371941699597357,"Not Significant"
"Microbial metabolism in diverse environments",1.61911993466701,0.000123553458087954,"ECs_1322","urease subunit gamma",-0.295722681487246,0.454685664731661,"Not Significant"
"Microbial metabolism in diverse environments",1.61911993466701,0.000123553458087954,"ECs_3879","hydrogenase 2 large subunit",-0.29782312532765,0.401349271795064,"Not Significant"
"Microbial metabolism in diverse environments",1.61911993466701,0.000123553458087954,"ECs_3785","ribose 5-phosphate isomerase constitutive",-0.299205000204847,0.358146488372608,"Not Significant"
"Microbial metabolism in diverse environments",1.61911993466701,0.000123553458087954,"ECs_3181","phosphate acetyltransferase",-0.300865743589432,0.331960144833605,"Not Significant"
"Microbial metabolism in diverse environments",1.61911993466701,0.000123553458087954,"ECs_4125","acryloyl-CoA reductase",-0.302814016180137,0.434032339030024,"Not Significant"
"Microbial metabolism in diverse environments",1.61911993466701,0.000123553458087954,"ECs_0316","xanthine dehydrogenase",-0.315056552992,0.631814325749974,"Not Significant"
"Microbial metabolism in diverse environments",1.61911993466701,0.000123553458087954,"ECs_0387","2-methylcitrate dehydratase",-0.320660371759529,0.514921744116951,"Not Significant"
"Microbial metabolism in diverse environments",1.61911993466701,0.000123553458087954,"ECs_2377","thiosulfate reductase cytochrome B",-0.32156117329074,0.551423343753663,"Not Significant"
"Microbial metabolism in diverse environments",1.61911993466701,0.000123553458087954,"ECs_5052","cytochrome C nitrite reductase subunit c552",-0.322670192796989,0.328491948380893,"Not Significant"
"Microbial metabolism in diverse environments",1.61911993466701,0.000123553458087954,"ECs_5241","alcohol dehydrogenase",-0.325407528538113,0.588023003422889,"Not Significant"
"Microbial metabolism in diverse environments",1.61911993466701,0.000123553458087954,"ECs_1128","hydrogenase 1 small subunit",-0.33028934208314,0.834819330003866,"Not Significant"
"Microbial metabolism in diverse environments",1.61911993466701,0.000123553458087954,"ECs_0004","L-threonine synthase",-0.335864301850642,0.315632177927681,"Not Significant"
"Microbial metabolism in diverse environments",1.61911993466701,0.000123553458087954,"ECs_3029","isomerase",-0.336813581307956,0.500706070715732,"Not Significant"
"Microbial metabolism in diverse environments",1.61911993466701,0.000123553458087954,"ECs_4868","cystathionine gamma-synthase",-0.343910049818525,0.309864231060286,"Not Significant"
"Microbial metabolism in diverse environments",1.61911993466701,0.000123553458087954,"ECs_5133","fumarate reductase membrane anchor subunit",-0.344457203664503,0.246006496649705,"Not Significant"
"Microbial metabolism in diverse environments",1.61911993466701,0.000123553458087954,"ECs_0034","dihydrodipicolinate reductase",-0.344626707560728,0.238376859186125,"Not Significant"
"Microbial metabolism in diverse environments",1.61911993466701,0.000123553458087954,"ECs_0576","glycerate kinase II",-0.346577232053338,0.476435222115832,"Not Significant"
"Microbial metabolism in diverse environments",1.61911993466701,0.000123553458087954,"ECs_5061","formate dehydrogenase-H, selenopolypeptide subunit",-0.347457074016054,0.432999094445756,"Not Significant"
"Microbial metabolism in diverse environments",1.61911993466701,0.000123553458087954,"ECs_4933","isocitrate lyase",-0.349730703089083,0.456578864300174,"Not Significant"
"Microbial metabolism in diverse environments",1.61911993466701,0.000123553458087954,"ECs_2068","nitrate reductase 2 gamma subunit",-0.353537393313244,0.734739018397076,"Not Significant"
"Microbial metabolism in diverse environments",1.61911993466701,0.000123553458087954,"ECs_5281","mannonate hydrolase",-0.386026309155302,0.328491948380893,"Not Significant"
"Microbial metabolism in diverse environments",1.61911993466701,0.000123553458087954,"ECs_4438","glyoxylate/hydroxypyruvate reductase B",-0.386699610480099,0.352514554028703,"Not Significant"
"Microbial metabolism in diverse environments",1.61911993466701,0.000123553458087954,"ECs_3027","salicylate hydroxylase",-0.388769756355022,0.327523319223093,"Not Significant"
"Microbial metabolism in diverse environments",1.61911993466701,0.000123553458087954,"ECs_2705","heat shock protein Hsp31",-0.396763058430424,0.480746843019076,"Not Significant"
"Microbial metabolism in diverse environments",1.61911993466701,0.000123553458087954,"ECs_1732","nitrate reductase 1 gamma subunit",-0.402295601830106,0.594943534128161,"Not Significant"
"Microbial metabolism in diverse environments",1.61911993466701,0.000123553458087954,"ECs_5007","lysine-sensitive aspartokinase 3",-0.413017833917667,0.624362109305456,"Not Significant"
"Microbial metabolism in diverse environments",1.61911993466701,0.000123553458087954,"ECs_3327","transketolase",-0.415287492418124,0.297426619587282,"Not Significant"
"Microbial metabolism in diverse environments",1.61911993466701,0.000123553458087954,"ECs_3523","4-aminobutyrate aminotransferase",-0.419454699087477,0.45418606917814,"Not Significant"
"Microbial metabolism in diverse environments",1.61911993466701,0.000123553458087954,"ECs_4490","phosphoglyceromutase",-0.422585101759717,0.15793730074336,"Not Significant"
"Microbial metabolism in diverse environments",1.61911993466701,0.000123553458087954,"ECs_4092","glutamate synthase small subunit",-0.42655732548572,0.372889916242447,"Not Significant"
"Microbial metabolism in diverse environments",1.61911993466701,0.000123553458087954,"ECs_2071","nitrate reductase 1 alpha subunit",-0.427560601378602,0.407994289043095,"Not Significant"
"Microbial metabolism in diverse environments",1.61911993466701,0.000123553458087954,"ECs_3739","xanthine dehydrogenase molybdenum binding subunit",-0.428090574801524,0.288546529450591,"Not Significant"
"Microbial metabolism in diverse environments",1.61911993466701,0.000123553458087954,"ECs_1052","weak acylphosphatase",-0.429865745814059,0.240169337796842,"Not Significant"
"Microbial metabolism in diverse environments",1.61911993466701,0.000123553458087954,"ECs_5168","L-ascorbate 6-phosphate lactonase",-0.456492398233713,0.27536701824894,"Not Significant"
"Microbial metabolism in diverse environments",1.61911993466701,0.000123553458087954,"ECs_4774","multifunctional fatty acid oxidation complex subunit alpha",-0.459693972944403,0.223300084679181,"Not Significant"
"Microbial metabolism in diverse environments",1.61911993466701,0.000123553458087954,"ECs_1158","glucose-1-phosphatase",-0.464442035095693,0.234426037590373,"Not Significant"
"Microbial metabolism in diverse environments",1.61911993466701,0.000123553458087954,"ECs_3604","adenosine 5'-phosphosulfate kinase",-0.466979726268512,0.305261067004606,"Not Significant"
"Microbial metabolism in diverse environments",1.61911993466701,0.000123553458087954,"ECs_0065","L-ribulose-5-phosphate 4-epimerase",-0.467445332747115,0.651624186991503,"Not Significant"
"Microbial metabolism in diverse environments",1.61911993466701,0.000123553458087954,"ECs_0981","anaerobic dimethyl sulfoxide reductase subunit C",-0.473020104618767,0.128016395846905,"Not Significant"
"Microbial metabolism in diverse environments",1.61911993466701,0.000123553458087954,"ECs_2489","D-hexose-6-phosphate epimerase-like protein",-0.478388869279094,0.14600920390558,"Not Significant"
"Microbial metabolism in diverse environments",1.61911993466701,0.000123553458087954,"ECs_3747","amino acid kinase",-0.478682568153084,0.244629355569944,"Not Significant"
"Microbial metabolism in diverse environments",1.61911993466701,0.000123553458087954,"ECs_4773","3-ketoacyl-CoA thiolase",-0.482213484675789,0.188238053328087,"Not Significant"
"Microbial metabolism in diverse environments",1.61911993466701,0.000123553458087954,"ECs_1729","nitrate reductase 1 alpha subunit",-0.486251718355535,0.592612386051838,"Not Significant"
"Microbial metabolism in diverse environments",1.61911993466701,0.000123553458087954,"ECs_3639","enolase",-0.490129588477329,0.20875468489342,"Not Significant"
"Microbial metabolism in diverse environments",1.61911993466701,0.000123553458087954,"ECs_3408","phenylpropionate dioxygenase ferredoxin reductase subunit",-0.493755439192255,0.336103265455252,"Not Significant"
"Microbial metabolism in diverse environments",1.61911993466701,0.000123553458087954,"ECs_5104","fumarate hydratase",-0.499624451849765,0.108890871099021,"Not Significant"
"Microbial metabolism in diverse environments",1.61911993466701,0.000123553458087954,"ECs_3974","uronate isomerase",-0.501478435547217,0.234426037590373,"Not Significant"
"Microbial metabolism in diverse environments",1.61911993466701,0.000123553458087954,"ECs_2583","TMAO reductase III cytochrome c-type subunit",-0.507119283326009,0.386112361814381,"Not Significant"
"Microbial metabolism in diverse environments",1.61911993466701,0.000123553458087954,"ECs_0979","anaerobic dimethyl sulfoxide reductase subunit A",-0.515038662255511,0.157059535391595,"Not Significant"
"Microbial metabolism in diverse environments",1.61911993466701,0.000123553458087954,"ECs_2008","NAD(P)-binding oxidoreductase",-0.532890897792003,0.201670832747029,"Not Significant"
"Microbial metabolism in diverse environments",1.61911993466701,0.000123553458087954,"ECs_2900","fructose-bisphosphate aldolase class I",-0.543599790513136,0.318914672743656,"Not Significant"
"Microbial metabolism in diverse environments",1.61911993466701,0.000123553458087954,"ECs_3796","fructose-bisphosphate aldolase class II",-0.54684057197507,0.202983485340104,"Not Significant"
"Microbial metabolism in diverse environments",1.61911993466701,0.000123553458087954,"ECs_4210","acetylornithine delta-aminotransferase",-0.559495476957131,0.0952095569456989,"Not Significant"
"Microbial metabolism in diverse environments",1.61911993466701,0.000123553458087954,"ECs_4830","L-rhamnose isomerase",-0.574054722253476,0.234426037590373,"Not Significant"
"Microbial metabolism in diverse environments",1.61911993466701,0.000123553458087954,"ECs_3592","4-hydroxybenzoate decarboxylase",-0.574978413557084,0.228578605030804,"Not Significant"
"Microbial metabolism in diverse environments",1.61911993466701,0.000123553458087954,"ECs_3417","serine hydroxymethyltransferase",-0.576042061814717,0.185906713243396,"Not Significant"
"Microbial metabolism in diverse environments",1.61911993466701,0.000123553458087954,"ECs_0582","anaerobic allantoin catabolic oxamate carbamoyltransferase",-0.588012454574093,0.27536701824894,"Not Significant"
"Microbial metabolism in diverse environments",1.61911993466701,0.000123553458087954,"ECs_1741","acetaldehyde dehydrogenase",-0.599418317519751,0.21812428091478,"Not Significant"
"Microbial metabolism in diverse environments",1.61911993466701,0.000123553458087954,"ECs_1020","NAD(P)H-dependent FMN reductase",-0.604289747258669,0.34590216798883,"Not Significant"
"Microbial metabolism in diverse environments",1.61911993466701,0.000123553458087954,"ECs_4216","nitrite reductase subunit NirD",-0.607865868407611,0.17944175174955,"Not Significant"
"Microbial metabolism in diverse environments",1.61911993466701,0.000123553458087954,"ECs_3617","3'-phosphoadenosine 5'-phosphosulfate reductase",-0.617224891518791,0.459418899890651,"Not Significant"
"Microbial metabolism in diverse environments",1.61911993466701,0.000123553458087954,"ECs_4466","L-threonine dehydrogenase",-0.618108278595091,0.0812544814112949,"Not Significant"
"Microbial metabolism in diverse environments",1.61911993466701,0.000123553458087954,"ECs_2562","glucose-6-phosphate 1-dehydrogenase",-0.620413200044913,0.0917037329525813,"Not Significant"
"Microbial metabolism in diverse environments",1.61911993466701,0.000123553458087954,"ECs_5282","NAD-dependent D-mannonate oxidoreductase",-0.623103627797038,0.094912445441591,"Not Significant"
"Microbial metabolism in diverse environments",1.61911993466701,0.000123553458087954,"ECs_3404","3-phenylpropionate dioxygenase large subunit",-0.648252571072763,0.301418737171213,"Not Significant"
"Microbial metabolism in diverse environments",1.61911993466701,0.000123553458087954,"ECs_5008","glucosephosphate isomerase",-0.655036370121509,0.103300592297682,"Not Significant"
"Microbial metabolism in diverse environments",1.61911993466701,0.000123553458087954,"ECs_0980","anaerobic dimethyl sulfoxide reductase subunit B",-0.66246526929553,0.054379431935693,"Not Significant"
"Microbial metabolism in diverse environments",1.61911993466701,0.000123553458087954,"ECs_4109","malate dehydrogenase",-0.684567843504012,0.220826799559913,"Not Significant"
"Microbial metabolism in diverse environments",1.61911993466701,0.000123553458087954,"ECs_3286","cysteine synthase A",-0.694764092093047,0.0467090456193818,"Not Significant"
"Microbial metabolism in diverse environments",1.61911993466701,0.000123553458087954,"ECs_0583","carbonate kinase",-0.696675487175729,0.15517507276528,"Not Significant"
"Microbial metabolism in diverse environments",1.61911993466701,0.000123553458087954,"ECs_3593","phenylacrylic acid decarboxylase",-0.697237178758608,0.135250928291855,"Not Significant"
"Microbial metabolism in diverse environments",1.61911993466701,0.000123553458087954,"ECs_4841","6-phosphofructokinase I",-0.700721343046525,0.127539417650356,"Not Significant"
"Microbial metabolism in diverse environments",1.61911993466701,0.000123553458087954,"ECs_3605","sulfate adenylyltransferase subunit 1",-0.703761821361827,0.0922750882617929,"Not Significant"
"Microbial metabolism in diverse environments",1.61911993466701,0.000123553458087954,"ECs_1849","aconitate hydratase 1",-0.726439617827272,0.0357067101074882,"Not Significant"
"Microbial metabolism in diverse environments",1.61911993466701,0.000123553458087954,"ECs_2151","NAD-dependent D-mannonate oxidoreductase",-0.752516084616391,0.0917037329525813,"Not Significant"
"Microbial metabolism in diverse environments",1.61911993466701,0.000123553458087954,"ECs_3797","phosphoglycerate kinase",-0.76416300091363,0.157059535391595,"Not Significant"
"Microbial metabolism in diverse environments",1.61911993466701,0.000123553458087954,"ECs_0402","3-(3-hydroxyphenyl)propionate hydroxylase",-0.773654606788019,0.365635622797837,"Not Significant"
"Microbial metabolism in diverse environments",1.61911993466701,0.000123553458087954,"ECs_2000","pyruvate-flavodoxin oxidoreductase",-0.777392092285968,0.0479117105451354,"Not Significant"
"Microbial metabolism in diverse environments",1.61911993466701,0.000123553458087954,"ECs_5170","L-ascorbate-specific enzyme IIB component of PTS",-0.800806646589456,0.156678679786278,"Not Significant"
"Microbial metabolism in diverse environments",1.61911993466701,0.000123553458087954,"ECs_4217","nitrite reductase (NADH) small subunit",-0.815130516991003,0.141445450803625,"Not Significant"
"Microbial metabolism in diverse environments",1.61911993466701,0.000123553458087954,"ECs_2064","4-oxalocrotonate tautomerase",-0.820333406765375,0.0774193611724382,"Not Significant"
"Microbial metabolism in diverse environments",1.61911993466701,0.000123553458087954,"ECs_3618","sulfite reductase beta subunit",-0.828861267537094,0.265072327272651,"Not Significant"
"Microbial metabolism in diverse environments",1.61911993466701,0.000123553458087954,"ECs_3660","L-fuculose-1-phosphate aldolase",-0.84475000781547,0.361618076755375,"Not Significant"
"Microbial metabolism in diverse environments",1.61911993466701,0.000123553458087954,"ECs_3606","sulfate adenylyltransferase subunit 2",-0.868414861608651,0.0464598248389027,"Not Significant"
"Microbial metabolism in diverse environments",1.61911993466701,0.000123553458087954,"ECs_4268","thiosulfate:cyanide sulfurtransferase",-0.928297257060785,0.12111010173147,"Not Significant"
"Microbial metabolism in diverse environments",1.61911993466701,0.000123553458087954,"ECs_3695","diaminopimelate decarboxylase",-0.932817636241098,0.0177275020213079,"Not Significant"
"Microbial metabolism in diverse environments",1.61911993466701,0.000123553458087954,"ECs_2098","glutamate decarboxylase B",-0.950820842117362,0.598818302516067,"Not Significant"
"Microbial metabolism in diverse environments",1.61911993466701,0.000123553458087954,"ECs_5113","lysine decarboxylase 2",-1.08057956575092,0.347562231690954,"Not Significant"
"Microbial metabolism in diverse environments",1.61911993466701,0.000123553458087954,"ECs_2429","6-phosphofructokinase II",-1.11587444519625,0.0484225344395815,"Downregulated in SAC"
"Microbial metabolism in diverse environments",1.61911993466701,0.000123553458087954,"ECs_0616","dihydropteridine reductase",-1.25509947558697,0.00716879432879413,"Downregulated in SAC"
"Microbial metabolism in diverse environments",1.61911993466701,0.000123553458087954,"ECs_3619","sulfite reductase alpha subunit flavoprotein",-1.34205572721744,0.0163091308746778,"Downregulated in SAC"
"Microbial metabolism in diverse environments",1.61911993466701,0.000123553458087954,"ECs_0423","5-aminolevulinate dehydratase",-1.55449652012048,0.00193693205871683,"Downregulated in SAC"
"Microbial metabolism in diverse environments",1.61911993466701,0.000123553458087954,"ECs_0931","nitroreductase A",-2.26995354451525,0.000870731222911494,"Downregulated in SAC"
"Microbial metabolism in diverse environments",1.61911993466701,0.000123553458087954,"ECs_2708","hydroxyisourate hydrolase",-2.45718064918618,0.00221981991147281,"Downregulated in SAC"
"Biosynthesis of amino acids",1.46119101774392,0.0331805798942141,"ECs_3785","ribose 5-phosphate isomerase constitutive",-0.299205000204847,0.358146488372608,"Not Significant"
"Biosynthesis of amino acids",1.46119101774392,0.0331805798942141,"ECs_4686","asparagine synthetase A",-0.300303394733713,0.316116437731288,"Not Significant"
"Biosynthesis of amino acids",1.46119101774392,0.0331805798942141,"ECs_2821","histidinol dehydrogenase",-0.313722322921787,0.507154539749358,"Not Significant"
"Biosynthesis of amino acids",1.46119101774392,0.0331805798942141,"ECs_0004","L-threonine synthase",-0.335864301850642,0.315632177927681,"Not Significant"
"Biosynthesis of amino acids",1.46119101774392,0.0331805798942141,"ECs_2822","histidinol-phosphate aminotransferase",-0.338522837252416,0.457416273759553,"Not Significant"
"Biosynthesis of amino acids",1.46119101774392,0.0331805798942141,"ECs_4868","cystathionine gamma-synthase",-0.343910049818525,0.309864231060286,"Not Significant"
"Biosynthesis of amino acids",1.46119101774392,0.0331805798942141,"ECs_0034","dihydrodipicolinate reductase",-0.344626707560728,0.238376859186125,"Not Significant"
"Biosynthesis of amino acids",1.46119101774392,0.0331805798942141,"ECs_2824","imidazole glycerol phosphate synthase glutamine amidotransferase subunit",-0.370217664120182,0.277554315209458,"Not Significant"
"Biosynthesis of amino acids",1.46119101774392,0.0331805798942141,"ECs_4706","l-threonine dehydratase",-0.380215496789285,0.28108862550624,"Not Significant"
"Biosynthesis of amino acids",1.46119101774392,0.0331805798942141,"ECs_2820","ATP phosphoribosyltransferase",-0.381736353557634,0.423351036675925,"Not Significant"
"Biosynthesis of amino acids",1.46119101774392,0.0331805798942141,"ECs_5007","lysine-sensitive aspartokinase 3",-0.413017833917667,0.624362109305456,"Not Significant"
"Biosynthesis of amino acids",1.46119101774392,0.0331805798942141,"ECs_3327","transketolase",-0.415287492418124,0.297426619587282,"Not Significant"
"Biosynthesis of amino acids",1.46119101774392,0.0331805798942141,"ECs_4490","phosphoglyceromutase",-0.422585101759717,0.15793730074336,"Not Significant"
"Biosynthesis of amino acids",1.46119101774392,0.0331805798942141,"ECs_4703","acetolactate synthase 2 small subunit",-0.425231624631155,0.231026110897938,"Not Significant"
"Biosynthesis of amino acids",1.46119101774392,0.0331805798942141,"ECs_4092","glutamate synthase small subunit",-0.42655732548572,0.372889916242447,"Not Significant"
"Biosynthesis of amino acids",1.46119101774392,0.0331805798942141,"ECs_2825","N-(5'-phospho-L-ribosyl-formimino)-5-amino-1-(5'-phosphoribosyl)-4-imidazolecarboxamide isomerase",-0.449912716364561,0.204126818994243,"Not Significant"
"Biosynthesis of amino acids",1.46119101774392,0.0331805798942141,"ECs_2823","histidinol-phosphatase and imidazoleglycerol-phosphate dehydratase",-0.474795913529234,0.162315989418843,"Not Significant"
"Biosynthesis of amino acids",1.46119101774392,0.0331805798942141,"ECs_4705","dihydroxy-acid dehydratase",-0.479804466312074,0.235746604768394,"Not Significant"
"Biosynthesis of amino acids",1.46119101774392,0.0331805798942141,"ECs_3639","enolase",-0.490129588477329,0.20875468489342,"Not Significant"
"Biosynthesis of amino acids",1.46119101774392,0.0331805798942141,"ECs_0076","3-isopropylmalate dehydratase large subunit",-0.512252507054325,0.207407454504152,"Not Significant"
"Biosynthesis of amino acids",1.46119101774392,0.0331805798942141,"ECs_2826","imidazole glycerol phosphate synthase catalytic subunit",-0.530318534086882,0.139431979984392,"Not Significant"
"Biosynthesis of amino acids",1.46119101774392,0.0331805798942141,"ECs_2900","fructose-bisphosphate aldolase class I",-0.543599790513136,0.318914672743656,"Not Significant"
"Biosynthesis of amino acids",1.46119101774392,0.0331805798942141,"ECs_3796","fructose-bisphosphate aldolase class II",-0.54684057197507,0.202983485340104,"Not Significant"
"Biosynthesis of amino acids",1.46119101774392,0.0331805798942141,"ECs_4210","acetylornithine delta-aminotransferase",-0.559495476957131,0.0952095569456989,"Not Significant"
"Biosynthesis of amino acids",1.46119101774392,0.0331805798942141,"ECs_3417","serine hydroxymethyltransferase",-0.576042061814717,0.185906713243396,"Not Significant"
"Biosynthesis of amino acids",1.46119101774392,0.0331805798942141,"ECs_1836","component I of anthranilate synthase",-0.589363113186584,0.21182676336372,"Not Significant"
"Biosynthesis of amino acids",1.46119101774392,0.0331805798942141,"ECs_2827","phosphoribosyl-AMP cyclohydrolase/phosphoribosyl-ATP pyrophosphatase",-0.614067253348043,0.0685459304423229,"Not Significant"
"Biosynthesis of amino acids",1.46119101774392,0.0331805798942141,"ECs_3549","S-ribosylhomocysteine lyase",-0.690415492562725,0.101435811645005,"Not Significant"
"Biosynthesis of amino acids",1.46119101774392,0.0331805798942141,"ECs_3286","cysteine synthase A",-0.694764092093047,0.0467090456193818,"Not Significant"
"Biosynthesis of amino acids",1.46119101774392,0.0331805798942141,"ECs_4841","6-phosphofructokinase I",-0.700721343046525,0.127539417650356,"Not Significant"
"Biosynthesis of amino acids",1.46119101774392,0.0331805798942141,"ECs_3675","N-acetylglutamate synthase",-0.712065741985048,0.0510112788914734,"Not Significant"
"Biosynthesis of amino acids",1.46119101774392,0.0331805798942141,"ECs_1849","aconitate hydratase 1",-0.726439617827272,0.0357067101074882,"Not Significant"
"Biosynthesis of amino acids",1.46119101774392,0.0331805798942141,"ECs_4888","acetylglutamate kinase",-0.731516404476739,0.0499616104984994,"Not Significant"
"Biosynthesis of amino acids",1.46119101774392,0.0331805798942141,"ECs_3797","phosphoglycerate kinase",-0.76416300091363,0.157059535391595,"Not Significant"
"Biosynthesis of amino acids",1.46119101774392,0.0331805798942141,"ECs_3695","diaminopimelate decarboxylase",-0.932817636241098,0.0177275020213079,"Not Significant"
"Biosynthesis of amino acids",1.46119101774392,0.0331805798942141,"ECs_4052","argininosuccinate synthetase",-0.992582822704281,0.0325501619305671,"Not Significant"
"Biosynthesis of amino acids",1.46119101774392,0.0331805798942141,"ECs_2429","6-phosphofructokinase II",-1.11587444519625,0.0484225344395815,"Downregulated in SAC"
"Biosynthesis of amino acids",1.46119101774392,0.0331805798942141,"ECs_4889","argininosuccinate lyase",-1.14038804059086,0.129189425169399,"Not Significant"
"Biosynthesis of amino acids",1.46119101774392,0.0331805798942141,"ECs_4887","N-acetyl-gamma-glutamyl-phosphate reductase",-1.26986127817592,0.0247208152324518,"Downregulated in SAC"
"ABC transporters",1.43154217439041,0.00785729163319052,"ECs_0414","ferric transport system permease",-0.337164138058773,0.419298683725301,"Not Significant"
"ABC transporters",1.43154217439041,0.00785729163319052,"ECs_2568","zinc ABC transporter ATPase",-0.343189666076598,0.314605436416907,"Not Significant"
"ABC transporters",1.43154217439041,0.00785729163319052,"ECs_0965","macrolide ABC transporter permease/ATPase",-0.346025574528587,0.317891666385441,"Not Significant"
"ABC transporters",1.43154217439041,0.00785729163319052,"ECs_2120","autoinducer 2 import ATP-binding protein",-0.347839486599817,0.512073717593441,"Not Significant"
"ABC transporters",1.43154217439041,0.00785729163319052,"ECs_2101","multidrug ABC transporter permease/ATPase",-0.35288533344754,0.557833502674606,"Not Significant"
"ABC transporters",1.43154217439041,0.00785729163319052,"ECs_4663","phosphate ABC transporter permease",-0.365060364665439,0.395543110110727,"Not Significant"
"ABC transporters",1.43154217439041,0.00785729163319052,"ECs_0910","glutathione ABC transporter permease",-0.375427147366973,0.251165627882055,"Not Significant"
"ABC transporters",1.43154217439041,0.00785729163319052,"ECs_5207","sugar ABC transporter permease",-0.379562219856577,0.605458425694739,"Not Significant"
"ABC transporters",1.43154217439041,0.00785729163319052,"ECs_0944","arginine ABC transporter permease",-0.400602749917926,0.364557901994177,"Not Significant"
"ABC transporters",1.43154217439041,0.00785729163319052,"ECs_2567","zinc ABC transporter periplasmic binding protein",-0.408059048236716,0.241252769969998,"Not Significant"
"ABC transporters",1.43154217439041,0.00785729163319052,"pO157p19","hemolysin B",-0.411393186401751,0.432879631424861,"Not Significant"
"ABC transporters",1.43154217439041,0.00785729163319052,"ECs_1747","oligopeptide ABC transporter ATPase",-0.413219836082299,0.449682419227079,"Not Significant"
"ABC transporters",1.43154217439041,0.00785729163319052,"ECs_0421","taurine ABC transporter permease",-0.4242157134179,0.565115772845294,"Not Significant"
"ABC transporters",1.43154217439041,0.00785729163319052,"ECs_0070","thiamine/thiamine pyrophosphate ABC transporter ATPase",-0.449981158656872,0.312215266215558,"Not Significant"
"ABC transporters",1.43154217439041,0.00785729163319052,"ECs_0934","putrescine ABC transporter periplasmic binding protein",-0.470905095584179,0.334923078632119,"Not Significant"
"ABC transporters",1.43154217439041,0.00785729163319052,"ECs_4141","periplasmic binding transport protein",-0.471210087857111,0.367626302645606,"Not Significant"
"ABC transporters",1.43154217439041,0.00785729163319052,"ECs_4143","amino acid ABC transporter permease",-0.481218175174185,0.499953123880522,"Not Significant"
"ABC transporters",1.43154217439041,0.00785729163319052,"ECs_0419","taurine ABC transporter periplasmic binding protein",-0.487379776565804,0.418828238554169,"Not Significant"
"ABC transporters",1.43154217439041,0.00785729163319052,"ECs_0945","arginine ABC transporter permease",-0.487406501592795,0.254752426089292,"Not Significant"
"ABC transporters",1.43154217439041,0.00785729163319052,"ECs_3542","glycine betaine/proline ABC transporter periplasmic binding protein",-0.498979499404054,0.358146488372608,"Not Significant"
"ABC transporters",1.43154217439041,0.00785729163319052,"ECs_4693","D-ribose transporter subunit RbsB",-0.58855333751607,0.12590011447422,"Not Significant"
"ABC transporters",1.43154217439041,0.00785729163319052,"ECs_4301","branched-chain amino acid ABC transporter ATPase",-0.596961153410951,0.341144035329392,"Not Significant"
"ABC transporters",1.43154217439041,0.00785729163319052,"ECs_4299","sn-glycerol-3-phosphate ABC transporter periplasmic binding protein",-0.597980294721865,0.240800309704662,"Not Significant"
"ABC transporters",1.43154217439041,0.00785729163319052,"ECs_5073","ATP-binding component of sugar ABC transporter",-0.629370653555422,0.248111601768994,"Not Significant"
"ABC transporters",1.43154217439041,0.00785729163319052,"ECs_1746","oligopeptide ABC transporter ATPase",-0.638387432359831,0.231026110897938,"Not Significant"
"ABC transporters",1.43154217439041,0.00785729163319052,"ECs_3294","sulfate/thiosulfate ABC transporter permease",-0.644563526289537,0.148042533749604,"Not Significant"
"ABC transporters",1.43154217439041,0.00785729163319052,"ECs_0156","iron(3+)-hydroxamate import ABC transporter periplasmic binding protein",-0.654245100151346,0.141964417226701,"Not Significant"
"ABC transporters",1.43154217439041,0.00785729163319052,"ECs_0502","multidrug ABC transporter ATPase",-0.671588004374297,0.0510112788914734,"Not Significant"
"ABC transporters",1.43154217439041,0.00785729163319052,"ECs_4297","sn-glycerol-3-phosphate ABC transporter permease",-0.729432163064699,0.476435222115832,"Not Significant"
"ABC transporters",1.43154217439041,0.00785729163319052,"ECs_4664","phosphate ABC transporter periplasmic binding protein",-0.734667792388184,0.0640096111053465,"Not Significant"
"ABC transporters",1.43154217439041,0.00785729163319052,"ECs_0946","arginine transporter subunit",-0.761909692779055,0.0693485570417156,"Not Significant"
"ABC transporters",1.43154217439041,0.00785729163319052,"ECs_0943","arginine ABC transporter periplasmic binding protein",-0.79472476409208,0.128369339807561,"Not Significant"
"ABC transporters",1.43154217439041,0.00785729163319052,"ECs_3100","microcin J25 efflux ABC transporter permease/ATPase",-0.821915475451446,0.118963315292001,"Not Significant"
"ABC transporters",1.43154217439041,0.00785729163319052,"ECs_3803","ABC transporter ATP-binding protein",-0.850177702758487,0.0905906568813093,"Not Significant"
"ABC transporters",1.43154217439041,0.00785729163319052,"ECs_0503","multidrug ABC transporter ATPase",-0.851374541615126,0.0476528332944455,"Not Significant"
"ABC transporters",1.43154217439041,0.00785729163319052,"ECs_0947","arginine ABC transporter ATPase",-0.855336194107234,0.0729427874426282,"Not Significant"
"ABC transporters",1.43154217439041,0.00785729163319052,"ECs_4842","sulfate transporter subunit",-0.899539767222412,0.0669851036745137,"Not Significant"
"ABC transporters",1.43154217439041,0.00785729163319052,"ECs_4343","nickel/heme ABC transporter periplasmic binding protein",-0.918576147005246,0.21182676336372,"Not Significant"
"ABC transporters",1.43154217439041,0.00785729163319052,"ECs_0631","ferrienterobactin ABC transporter periplasmic binding protein",-0.972944114340532,0.0476528332944455,"Not Significant"
"ABC transporters",1.43154217439041,0.00785729163319052,"ECs_4344","nickel ABC transporter permease",-1.02876370320784,0.202235718830304,"Not Significant"
"ABC transporters",1.43154217439041,0.00785729163319052,"ECs_0627","ferrienterobactin ABC transporter ATPase",-1.06735509593089,0.187416094916897,"Not Significant"
"ABC transporters",1.43154217439041,0.00785729163319052,"ECs_3295","sulfate/thiosulfate ABC transporter permease",-1.11819667807043,0.0107220146681208,"Downregulated in SAC"
"ABC transporters",1.43154217439041,0.00785729163319052,"ECs_5087","phosphonate ABC transporter periplasmic binding protein",-1.13380846807907,0.107204938148143,"Not Significant"
"ABC transporters",1.43154217439041,0.00785729163319052,"ECs_0155","iron(3+)-hydroxamate import ABC transporter ATPase",-1.1345380608919,0.0122986357921481,"Downregulated in SAC"
"ABC transporters",1.43154217439041,0.00785729163319052,"ECs_0628","iron-enterobactin ABC transporter permease",-1.15332145700934,0.119705824372146,"Not Significant"
"ABC transporters",1.43154217439041,0.00785729163319052,"ECs_3801","hypothetical protein",-1.20064995012466,0.186822196028064,"Not Significant"
"ABC transporters",1.43154217439041,0.00785729163319052,"ECs_2121","autoinducer 2 import system permease protein",-1.2470517338024,0.130420214005198,"Not Significant"
"ABC transporters",1.43154217439041,0.00785729163319052,"ECs_5072","carbohydrate ABC transport system permease",-1.29336591020323,0.204618357634479,"Not Significant"
"ABC transporters",1.43154217439041,0.00785729163319052,"ECs_4345","nickel ABC transporter permease",-1.30806060544485,0.11589035870217,"Not Significant"
"ABC transporters",1.43154217439041,0.00785729163319052,"ECs_3802","ABC transporter ATP-binding protein",-1.3884324200363,0.0824045799460028,"Not Significant"
"ABC transporters",1.43154217439041,0.00785729163319052,"ECs_4347","nickel ABC transporter ATPase",-1.49248798369117,0.070274460450295,"Not Significant"
"ABC transporters",1.43154217439041,0.00785729163319052,"ECs_0629","ferrienterobactin ABC transporter permease",-1.50648049949181,0.0522077106870735,"Not Significant"
"ABC transporters",1.43154217439041,0.00785729163319052,"ECs_3296","thiosulfate-binding protein",-1.6992236261781,0.00253024996236222,"Downregulated in SAC"
"ABC transporters",1.43154217439041,0.00785729163319052,"ECs_4346","nickel ABC transporter ATPase",-2.02983774096763,0.0464598248389027,"Downregulated in SAC"
"Biosynthesis of secondary metabolites",1.42386993947172,0.00146135676938553,"ECs_5022","chorismate--pyruvate lyase",-0.330749000185977,0.379562772161814,"Not Significant"
"Biosynthesis of secondary metabolites",1.42386993947172,0.00146135676938553,"ECs_0004","L-threonine synthase",-0.335864301850642,0.315632177927681,"Not Significant"
"Biosynthesis of secondary metabolites",1.42386993947172,0.00146135676938553,"ECs_2822","histidinol-phosphate aminotransferase",-0.338522837252416,0.457416273759553,"Not Significant"
"Biosynthesis of secondary metabolites",1.42386993947172,0.00146135676938553,"ECs_1316","diacylglycerol kinase",-0.342573296799225,0.353432010593084,"Not Significant"
"Biosynthesis of secondary metabolites",1.42386993947172,0.00146135676938553,"ECs_4868","cystathionine gamma-synthase",-0.343910049818525,0.309864231060286,"Not Significant"
"Biosynthesis of secondary metabolites",1.42386993947172,0.00146135676938553,"ECs_5133","fumarate reductase membrane anchor subunit",-0.344457203664503,0.246006496649705,"Not Significant"
"Biosynthesis of secondary metabolites",1.42386993947172,0.00146135676938553,"ECs_0034","dihydrodipicolinate reductase",-0.344626707560728,0.238376859186125,"Not Significant"
"Biosynthesis of secondary metabolites",1.42386993947172,0.00146135676938553,"ECs_0576","glycerate kinase II",-0.346577232053338,0.476435222115832,"Not Significant"
"Biosynthesis of secondary metabolites",1.42386993947172,0.00146135676938553,"ECs_4933","isocitrate lyase",-0.349730703089083,0.456578864300174,"Not Significant"
"Biosynthesis of secondary metabolites",1.42386993947172,0.00146135676938553,"ECs_0032","4-hydroxy-3-methylbut-2-enyl diphosphate reductase",-0.354478620307665,0.219954224914926,"Not Significant"
"Biosynthesis of secondary metabolites",1.42386993947172,0.00146135676938553,"ECs_3550","glutamate-cysteine ligase",-0.356820251427648,0.26293474321332,"Not Significant"
"Biosynthesis of secondary metabolites",1.42386993947172,0.00146135676938553,"ECs_0138","3-methyl-2-oxobutanoate hydroxymethyltransferase",-0.36974177182065,0.208881299897093,"Not Significant"
"Biosynthesis of secondary metabolites",1.42386993947172,0.00146135676938553,"ECs_2824","imidazole glycerol phosphate synthase glutamine amidotransferase subunit",-0.370217664120182,0.277554315209458,"Not Significant"
"Biosynthesis of secondary metabolites",1.42386993947172,0.00146135676938553,"ECs_4706","l-threonine dehydratase",-0.380215496789285,0.28108862550624,"Not Significant"
"Biosynthesis of secondary metabolites",1.42386993947172,0.00146135676938553,"ECs_2820","ATP phosphoribosyltransferase",-0.381736353557634,0.423351036675925,"Not Significant"
"Biosynthesis of secondary metabolites",1.42386993947172,0.00146135676938553,"ECs_4438","glyoxylate/hydroxypyruvate reductase B",-0.386699610480099,0.352514554028703,"Not Significant"
"Biosynthesis of secondary metabolites",1.42386993947172,0.00146135676938553,"ECs_1850","GTP cyclohydrolase II",-0.393154361180277,0.226821710069027,"Not Significant"
"Biosynthesis of secondary metabolites",1.42386993947172,0.00146135676938553,"ECs_0028","bifunctional riboflavin kinase/FAD synthetase",-0.395702524670925,0.171483650769965,"Not Significant"
"Biosynthesis of secondary metabolites",1.42386993947172,0.00146135676938553,"ECs_5007","lysine-sensitive aspartokinase 3",-0.413017833917667,0.624362109305456,"Not Significant"
"Biosynthesis of secondary metabolites",1.42386993947172,0.00146135676938553,"ECs_2559","phosphoribosylglycinamide formyltransferase 2",-0.414950492129732,0.347562231690954,"Not Significant"
"Biosynthesis of secondary metabolites",1.42386993947172,0.00146135676938553,"ECs_3327","transketolase",-0.415287492418124,0.297426619587282,"Not Significant"
"Biosynthesis of secondary metabolites",1.42386993947172,0.00146135676938553,"ECs_4490","phosphoglyceromutase",-0.422585101759717,0.15793730074336,"Not Significant"
"Biosynthesis of secondary metabolites",1.42386993947172,0.00146135676938553,"ECs_4703","acetolactate synthase 2 small subunit",-0.425231624631155,0.231026110897938,"Not Significant"
"Biosynthesis of secondary metabolites",1.42386993947172,0.00146135676938553,"ECs_4092","glutamate synthase small subunit",-0.42655732548572,0.372889916242447,"Not Significant"
"Biosynthesis of secondary metabolites",1.42386993947172,0.00146135676938553,"ECs_0622","4'-phosphopantetheinyl transferase entD",-0.43207007236892,0.29943833854126,"Not Significant"
"Biosynthesis of secondary metabolites",1.42386993947172,0.00146135676938553,"ECs_2825","N-(5'-phospho-L-ribosyl-formimino)-5-amino-1-(5'-phosphoribosyl)-4-imidazolecarboxamide isomerase",-0.449912716364561,0.204126818994243,"Not Significant"
"Biosynthesis of secondary metabolites",1.42386993947172,0.00146135676938553,"ECs_4774","multifunctional fatty acid oxidation complex subunit alpha",-0.459693972944403,0.223300084679181,"Not Significant"
"Biosynthesis of secondary metabolites",1.42386993947172,0.00146135676938553,"ECs_0625","enterobactin synthase multienzyme complex component",-0.464184502691901,0.182113972951317,"Not Significant"
"Biosynthesis of secondary metabolites",1.42386993947172,0.00146135676938553,"ECs_2011","CDP-diglyceride synthase",-0.464430212794725,0.665789834463984,"Not Significant"
"Biosynthesis of secondary metabolites",1.42386993947172,0.00146135676938553,"ECs_5343","purine nucleoside phosphorylase",-0.47103540017454,0.138935220602752,"Not Significant"
"Biosynthesis of secondary metabolites",1.42386993947172,0.00146135676938553,"ECs_2823","histidinol-phosphatase and imidazoleglycerol-phosphate dehydratase",-0.474795913529234,0.162315989418843,"Not Significant"
"Biosynthesis of secondary metabolites",1.42386993947172,0.00146135676938553,"ECs_2489","D-hexose-6-phosphate epimerase-like protein",-0.478388869279094,0.14600920390558,"Not Significant"
"Biosynthesis of secondary metabolites",1.42386993947172,0.00146135676938553,"ECs_3747","amino acid kinase",-0.478682568153084,0.244629355569944,"Not Significant"
"Biosynthesis of secondary metabolites",1.42386993947172,0.00146135676938553,"ECs_4705","dihydroxy-acid dehydratase",-0.479804466312074,0.235746604768394,"Not Significant"
"Biosynthesis of secondary metabolites",1.42386993947172,0.00146135676938553,"ECs_4773","3-ketoacyl-CoA thiolase",-0.482213484675789,0.188238053328087,"Not Significant"
"Biosynthesis of secondary metabolites",1.42386993947172,0.00146135676938553,"ECs_3639","enolase",-0.490129588477329,0.20875468489342,"Not Significant"
"Biosynthesis of secondary metabolites",1.42386993947172,0.00146135676938553,"ECs_1603","adenylosuccinate lyase",-0.490231128004951,0.127113828948898,"Not Significant"
"Biosynthesis of secondary metabolites",1.42386993947172,0.00146135676938553,"ECs_4275","glucose-1-phosphate adenylyltransferase",-0.494069951710818,0.251165627882055,"Not Significant"
"Biosynthesis of secondary metabolites",1.42386993947172,0.00146135676938553,"ECs_5104","fumarate hydratase",-0.499624451849765,0.108890871099021,"Not Significant"
"Biosynthesis of secondary metabolites",1.42386993947172,0.00146135676938553,"ECs_1713","4-diphosphocytidyl-2-C-methylerythritol kinase",-0.501990917260383,0.279922233118932,"Not Significant"
"Biosynthesis of secondary metabolites",1.42386993947172,0.00146135676938553,"ECs_0076","3-isopropylmalate dehydratase large subunit",-0.512252507054325,0.207407454504152,"Not Significant"
"Biosynthesis of secondary metabolites",1.42386993947172,0.00146135676938553,"ECs_4274","glycogen synthase",-0.517118552913138,0.121537976100386,"Not Significant"
"Biosynthesis of secondary metabolites",1.42386993947172,0.00146135676938553,"ECs_0634","isochorismatase",-0.52158028403507,0.367626302645606,"Not Significant"
"Biosynthesis of secondary metabolites",1.42386993947172,0.00146135676938553,"ECs_3833","periplasmic L-asparaginase 2",-0.530119735649704,0.142087225914748,"Not Significant"
"Biosynthesis of secondary metabolites",1.42386993947172,0.00146135676938553,"ECs_2826","imidazole glycerol phosphate synthase catalytic subunit",-0.530318534086882,0.139431979984392,"Not Significant"
"Biosynthesis of secondary metabolites",1.42386993947172,0.00146135676938553,"ECs_4874","glycerol dehydrogenase",-0.539895118357653,0.293147903592308,"Not Significant"
"Biosynthesis of secondary metabolites",1.42386993947172,0.00146135676938553,"ECs_2900","fructose-bisphosphate aldolase class I",-0.543599790513136,0.318914672743656,"Not Significant"
"Biosynthesis of secondary metabolites",1.42386993947172,0.00146135676938553,"ECs_3796","fructose-bisphosphate aldolase class II",-0.54684057197507,0.202983485340104,"Not Significant"
"Biosynthesis of secondary metabolites",1.42386993947172,0.00146135676938553,"ECs_4210","acetylornithine delta-aminotransferase",-0.559495476957131,0.0952095569456989,"Not Significant"
"Biosynthesis of secondary metabolites",1.42386993947172,0.00146135676938553,"ECs_3417","serine hydroxymethyltransferase",-0.576042061814717,0.185906713243396,"Not Significant"
"Biosynthesis of secondary metabolites",1.42386993947172,0.00146135676938553,"ECs_2605","trehalose-6-phosphate phosphatase",-0.585268166556265,0.227256659456583,"Not Significant"
"Biosynthesis of secondary metabolites",1.42386993947172,0.00146135676938553,"ECs_1836","component I of anthranilate synthase",-0.589363113186584,0.21182676336372,"Not Significant"
"Biosynthesis of secondary metabolites",1.42386993947172,0.00146135676938553,"ECs_1741","acetaldehyde dehydrogenase",-0.599418317519751,0.21812428091478,"Not Significant"
"Biosynthesis of secondary metabolites",1.42386993947172,0.00146135676938553,"ECs_2827","phosphoribosyl-AMP cyclohydrolase/phosphoribosyl-ATP pyrophosphatase",-0.614067253348043,0.0685459304423229,"Not Significant"
"Biosynthesis of secondary metabolites",1.42386993947172,0.00146135676938553,"ECs_4466","L-threonine dehydrogenase",-0.618108278595091,0.0812544814112949,"Not Significant"
"Biosynthesis of secondary metabolites",1.42386993947172,0.00146135676938553,"ECs_2562","glucose-6-phosphate 1-dehydrogenase",-0.620413200044913,0.0917037329525813,"Not Significant"
"Biosynthesis of secondary metabolites",1.42386993947172,0.00146135676938553,"ECs_5008","glucosephosphate isomerase",-0.655036370121509,0.103300592297682,"Not Significant"
"Biosynthesis of secondary metabolites",1.42386993947172,0.00146135676938553,"ECs_3196","amidophosphoribosyltransferase",-0.664589286524896,0.0664682751446937,"Not Significant"
"Biosynthesis of secondary metabolites",1.42386993947172,0.00146135676938553,"ECs_3307","coproporphyrinogen III oxidase",-0.677156052126721,0.0544051428650202,"Not Significant"
"Biosynthesis of secondary metabolites",1.42386993947172,0.00146135676938553,"ECs_4109","malate dehydrogenase",-0.684567843504012,0.220826799559913,"Not Significant"
"Biosynthesis of secondary metabolites",1.42386993947172,0.00146135676938553,"ECs_0635","2,3-dihydro-2,3-dihydroxybenzoate dehydrogenase",-0.687594346910688,0.287343485805575,"Not Significant"
"Biosynthesis of secondary metabolites",1.42386993947172,0.00146135676938553,"ECs_3286","cysteine synthase A",-0.694764092093047,0.0467090456193818,"Not Significant"
"Biosynthesis of secondary metabolites",1.42386993947172,0.00146135676938553,"ECs_0583","carbonate kinase",-0.696675487175729,0.15517507276528,"Not Significant"
"Biosynthesis of secondary metabolites",1.42386993947172,0.00146135676938553,"ECs_3593","phenylacrylic acid decarboxylase",-0.697237178758608,0.135250928291855,"Not Significant"
"Biosynthesis of secondary metabolites",1.42386993947172,0.00146135676938553,"ECs_4841","6-phosphofructokinase I",-0.700721343046525,0.127539417650356,"Not Significant"
"Biosynthesis of secondary metabolites",1.42386993947172,0.00146135676938553,"ECs_3605","sulfate adenylyltransferase subunit 1",-0.703761821361827,0.0922750882617929,"Not Significant"
"Biosynthesis of secondary metabolites",1.42386993947172,0.00146135676938553,"ECs_3675","N-acetylglutamate synthase",-0.712065741985048,0.0510112788914734,"Not Significant"
"Biosynthesis of secondary metabolites",1.42386993947172,0.00146135676938553,"ECs_1849","aconitate hydratase 1",-0.726439617827272,0.0357067101074882,"Not Significant"
"Biosynthesis of secondary metabolites",1.42386993947172,0.00146135676938553,"ECs_4888","acetylglutamate kinase",-0.731516404476739,0.0499616104984994,"Not Significant"
"Biosynthesis of secondary metabolites",1.42386993947172,0.00146135676938553,"ECs_3797","phosphoglycerate kinase",-0.76416300091363,0.157059535391595,"Not Significant"
"Biosynthesis of secondary metabolites",1.42386993947172,0.00146135676938553,"ECs_2000","pyruvate-flavodoxin oxidoreductase",-0.777392092285968,0.0479117105451354,"Not Significant"
"Biosynthesis of secondary metabolites",1.42386993947172,0.00146135676938553,"ECs_0585","N5-carboxyaminoimidazole ribonucleotide mutase",-0.818521236847839,0.0733008152256121,"Not Significant"
"Biosynthesis of secondary metabolites",1.42386993947172,0.00146135676938553,"ECs_2438","catalase HPII",-0.822596883493906,0.0567223770401519,"Not Significant"
"Biosynthesis of secondary metabolites",1.42386993947172,0.00146135676938553,"ECs_3361","phosphoribosylaminoimidazole synthetase",-0.838635134730006,0.0590762967830201,"Not Significant"
"Biosynthesis of secondary metabolites",1.42386993947172,0.00146135676938553,"ECs_3362","phosphoribosylglycinamide formyltransferase 1",-0.853341964647515,0.046174234444852,"Not Significant"
"Biosynthesis of secondary metabolites",1.42386993947172,0.00146135676938553,"ECs_3606","sulfate adenylyltransferase subunit 2",-0.868414861608651,0.0464598248389027,"Not Significant"
"Biosynthesis of secondary metabolites",1.42386993947172,0.00146135676938553,"ECs_5099","arginine decarboxylase",-0.893795328355916,0.626206089354097,"Not Significant"
"Biosynthesis of secondary metabolites",1.42386993947172,0.00146135676938553,"ECs_4928","phosphoribosylglycinamide synthetase phosphoribosylamine-glycine ligase",-0.898232777023686,0.166155808701169,"Not Significant"
"Biosynthesis of secondary metabolites",1.42386993947172,0.00146135676938553,"ECs_4268","thiosulfate:cyanide sulfurtransferase",-0.928297257060785,0.12111010173147,"Not Significant"
"Biosynthesis of secondary metabolites",1.42386993947172,0.00146135676938553,"ECs_3423","phosphoribosylformyl-glycineamide synthetase",-0.930312545649669,0.0728222247052833,"Not Significant"
"Biosynthesis of secondary metabolites",1.42386993947172,0.00146135676938553,"ECs_3695","diaminopimelate decarboxylase",-0.932817636241098,0.0177275020213079,"Not Significant"
"Biosynthesis of secondary metabolites",1.42386993947172,0.00146135676938553,"ECs_2098","glutamate decarboxylase B",-0.950820842117362,0.598818302516067,"Not Significant"
"Biosynthesis of secondary metabolites",1.42386993947172,0.00146135676938553,"ECs_4399","cytoplasmic trehalase",-0.975169625418553,0.0869380270258601,"Not Significant"
"Biosynthesis of secondary metabolites",1.42386993947172,0.00146135676938553,"ECs_4052","argininosuccinate synthetase",-0.992582822704281,0.0325501619305671,"Not Significant"
"Biosynthesis of secondary metabolites",1.42386993947172,0.00146135676938553,"ECs_0584","N5-carboxyaminoimidazole ribonucleotide synthase",-1.02096837961613,0.0552184256982225,"Not Significant"
"Biosynthesis of secondary metabolites",1.42386993947172,0.00146135676938553,"ECs_4929","IMP cyclohydrolase and phosphoribosylaminoimidazolecarboxamide formyltransferase",-1.05309776758976,0.094332759359872,"Not Significant"
"Biosynthesis of secondary metabolites",1.42386993947172,0.00146135676938553,"ECs_5113","lysine decarboxylase 2",-1.08057956575092,0.347562231690954,"Not Significant"
"Biosynthesis of secondary metabolites",1.42386993947172,0.00146135676938553,"ECs_2429","6-phosphofructokinase II",-1.11587444519625,0.0484225344395815,"Downregulated in SAC"
"Biosynthesis of secondary metabolites",1.42386993947172,0.00146135676938553,"ECs_3338","phosphoribosylaminoimidazole-succinocarboxamide synthetase",-1.11718488497695,0.0878119662554062,"Not Significant"
"Biosynthesis of secondary metabolites",1.42386993947172,0.00146135676938553,"ECs_4889","argininosuccinate lyase",-1.14038804059086,0.129189425169399,"Not Significant"
"Biosynthesis of secondary metabolites",1.42386993947172,0.00146135676938553,"ECs_4887","N-acetyl-gamma-glutamyl-phosphate reductase",-1.26986127817592,0.0247208152324518,"Downregulated in SAC"
"Biosynthesis of secondary metabolites",1.42386993947172,0.00146135676938553,"ECs_0633","2,3-dihydroxybenzoate-AMP ligase component of enterobactin synthase multienzyme complex",-1.33691693059822,0.0259399935427319,"Downregulated in SAC"
"Biosynthesis of secondary metabolites",1.42386993947172,0.00146135676938553,"ECs_0528","ferrochelatase",-1.39250158264463,0.0225628887352564,"Downregulated in SAC"
"Biosynthesis of secondary metabolites",1.42386993947172,0.00146135676938553,"ECs_0423","5-aminolevulinate dehydratase",-1.55449652012048,0.00193693205871683,"Downregulated in SAC"
"Biosynthesis of secondary metabolites",1.42386993947172,0.00146135676938553,"ECs_3761","isopentenyl diphosphate isomerase",-1.60032034060496,0.00508314369360788,"Downregulated in SAC"
"Biosynthesis of secondary metabolites",1.42386993947172,0.00146135676938553,"ECs_0632","isochorismate synthase 1",-1.849571820638,0.0334959315571781,"Downregulated in SAC"
"Biosynthesis of secondary metabolites",1.42386993947172,0.00146135676938553,"ECs_0035","carbamoyl phosphate synthetase small subunit",-3.28774772416422,0.0452265567201431,"Downregulated in SAC"
"Biosynthesis of secondary metabolites",1.42386993947172,0.00146135676938553,"ECs_0036","carbamoyl-phosphate synthase large subunit",-3.51404245435987,0.0287854847448018,"Downregulated in SAC"
"Two-component system",-1.78860809354583,7.65219257813808e-05,"ECs_2662","flagellin",9.26738252664794,6.7216514060218e-06,"Upregulated in SAC"
"Two-component system",-1.78860809354583,7.65219257813808e-05,"ECs_2661","RNA polymerase sigma 28 factor FilA",8.73249907038382,6.7216514060218e-06,"Upregulated in SAC"
"Two-component system",-1.78860809354583,7.65219257813808e-05,"ECs_2596","methyl-accepting chemotaxis protein II",8.06323163208662,6.81618490478951e-06,"Upregulated in SAC"
"Two-component system",-1.78860809354583,7.65219257813808e-05,"ECs_2600","flagellar motor protein MotA",8.04206270621625,7.42127638599276e-06,"Upregulated in SAC"
"Two-component system",-1.78860809354583,7.65219257813808e-05,"ECs_2598","chemotaxis protein CheA",7.96448319058001,1.09192907533663e-05,"Upregulated in SAC"
"Two-component system",-1.78860809354583,7.65219257813808e-05,"ECs_2595","methyl-accepting chemotaxis protein IV",7.93410806682407,1.57450379763404e-05,"Upregulated in SAC"
"Two-component system",-1.78860809354583,7.65219257813808e-05,"ECs_5315","methyl-accepting chemotaxis protein II",7.5665403493812,6.7216514060218e-06,"Upregulated in SAC"
"Two-component system",-1.78860809354583,7.65219257813808e-05,"ECs_2593","chemotaxis-specific methylesterase",7.33042147755038,6.7216514060218e-06,"Upregulated in SAC"
"Two-component system",-1.78860809354583,7.65219257813808e-05,"ECs_2597","purine-binding chemotaxis protein",7.21253873539916,7.57846678128298e-06,"Upregulated in SAC"
"Two-component system",-1.78860809354583,7.65219257813808e-05,"ECs_2592","chemotaxis regulator transmitting signal to flagellar motor component",7.20486951211299,1.36202279305598e-05,"Upregulated in SAC"
"Two-component system",-1.78860809354583,7.65219257813808e-05,"ECs_2594","chemotaxis protein methyltransferase CheR",7.16369644131063,1.15345150789242e-05,"Upregulated in SAC"
"Two-component system",-1.78860809354583,7.65219257813808e-05,"ECs_1449","anti-sigma factor for FliA",6.30073929105386,1.61339486996737e-05,"Upregulated in SAC"
"Two-component system",-1.78860809354583,7.65219257813808e-05,"ECs_4603","hexose phosphate transporter",3.82894061328944,0.000660137882747517,"Upregulated in SAC"
"Two-component system",-1.78860809354583,7.65219257813808e-05,"ECs_2026","methyl-accepting chemotaxis protein III",3.4924248001763,0.000119677436196284,"Upregulated in SAC"
"Two-component system",-1.78860809354583,7.65219257813808e-05,"ECs_2690","transcriptional regulator",3.46284929171127,7.84874444336056e-05,"Upregulated in SAC"
"Two-component system",-1.78860809354583,7.65219257813808e-05,"ECs_2601","flagellar class II regulon transcriptional activator",3.29948153103689,0.000917842841289258,"Upregulated in SAC"
"Two-component system",-1.78860809354583,7.65219257813808e-05,"ECs_1012","outer membrane porin OmpF",3.03434907843145,0.000308879778116135,"Upregulated in SAC"
"Two-component system",-1.78860809354583,7.65219257813808e-05,"ECs_3954","aerotaxis receptor",2.95859544364033,0.00053829306164497,"Upregulated in SAC"
"Two-component system",-1.78860809354583,7.65219257813808e-05,"ECs_2602","flagellar class II regulon transcriptional activator",2.86908682779641,0.00225855360029091,"Upregulated in SAC"
"Biofilm formation - Escherichia coli",-1.84906454416697,0.00100610034428319,"ECs_2661","RNA polymerase sigma 28 factor FilA",8.73249907038382,6.7216514060218e-06,"Upregulated in SAC"
"Biofilm formation - Escherichia coli",-1.84906454416697,0.00100610034428319,"ECs_4405","cyclic-di-GMP phosphodiesterase",7.59755138086573,6.7216514060218e-06,"Upregulated in SAC"
"Biofilm formation - Escherichia coli",-1.84906454416697,0.00100610034428319,"ECs_2660","flagellar biosynthesis protein FliZ",6.77535333490036,9.30086718306181e-06,"Upregulated in SAC"
"Biofilm formation - Escherichia coli",-1.84906454416697,0.00100610034428319,"ECs_1449","anti-sigma factor for FliA",6.30073929105386,1.61339486996737e-05,"Upregulated in SAC"
"Biofilm formation - Escherichia coli",-1.84906454416697,0.00100610034428319,"ECs_1421","curli production protein",3.703544557753,0.00121743415994901,"Upregulated in SAC"
"Biofilm formation - Escherichia coli",-1.84906454416697,0.00100610034428319,"ECs_2690","transcriptional regulator",3.46284929171127,7.84874444336056e-05,"Upregulated in SAC"
"Biofilm formation - Escherichia coli",-1.84906454416697,0.00100610034428319,"ECs_2601","flagellar class II regulon transcriptional activator",3.29948153103689,0.000917842841289258,"Upregulated in SAC"
"Biofilm formation - Escherichia coli",-1.84906454416697,0.00100610034428319,"ECs_2602","flagellar class II regulon transcriptional activator",2.86908682779641,0.00225855360029091,"Upregulated in SAC"
"Aminoacyl-tRNA biosynthesis",-1.89302502010896,2.73641451389919e-05,"ECs_R0125","tRNA-Gly",2.37822890558229,0.0011112502687988,"Upregulated in SAC"
"Aminoacyl-tRNA biosynthesis",-1.89302502010896,2.73641451389919e-05,"ECs_R0063","tRNA-Ile",2.07139484896646,0.19240526647434,"Not Significant"
"Aminoacyl-tRNA biosynthesis",-1.89302502010896,2.73641451389919e-05,"ECs_R0079","tRNA-Ala",2.04016441670262,0.0494723180772493,"Upregulated in SAC"
"Aminoacyl-tRNA biosynthesis",-1.89302502010896,2.73641451389919e-05,"ECs_R0052","tRNA-Ser",1.82065586504986,0.0499616104984994,"Upregulated in SAC"
"Aminoacyl-tRNA biosynthesis",-1.89302502010896,2.73641451389919e-05,"ECs_R0036","tRNA-Leu",1.41270080572599,0.109345187407349,"Not Significant"
"Aminoacyl-tRNA biosynthesis",-1.89302502010896,2.73641451389919e-05,"ECs_R0124","tRNA-Gly",1.39563591957398,0.0178392934348438,"Upregulated in SAC"
"Aminoacyl-tRNA biosynthesis",-1.89302502010896,2.73641451389919e-05,"ECs_R0068","tRNA-Gly",1.39068474670835,0.0140419775893496,"Upregulated in SAC"
"Aminoacyl-tRNA biosynthesis",-1.89302502010896,2.73641451389919e-05,"ECs_R0072","tRNA-Ser",1.28864480235305,0.00939091832781009,"Upregulated in SAC"
"Aminoacyl-tRNA biosynthesis",-1.89302502010896,2.73641451389919e-05,"ECs_R0065","tRNA-Val",1.27841005138553,0.0699818066948522,"Not Significant"
"Aminoacyl-tRNA biosynthesis",-1.89302502010896,2.73641451389919e-05,"ECs_R0024","tRNA-Ile",1.19830223048771,0.0321747373846885,"Upregulated in SAC"
"Aminoacyl-tRNA biosynthesis",-1.89302502010896,2.73641451389919e-05,"ECs_R0123","tRNA-Gly",1.17126377359378,0.00768247520134495,"Upregulated in SAC"
"Aminoacyl-tRNA biosynthesis",-1.89302502010896,2.73641451389919e-05,"ECs_R0071","tRNA-Ile",1.11806748698391,0.169375479903814,"Not Significant"
"Aminoacyl-tRNA biosynthesis",-1.89302502010896,2.73641451389919e-05,"ECs_R0067","tRNA-Cys",1.08557247284438,0.135250928291855,"Not Significant"
"Aminoacyl-tRNA biosynthesis",-1.89302502010896,2.73641451389919e-05,"ECs_R0082","tRNA-Val",1.07239829494337,0.0334178270802313,"Upregulated in SAC"
"Aminoacyl-tRNA biosynthesis",-1.89302502010896,2.73641451389919e-05,"ECs_R0127","tRNA-Leu",1.05457628464134,0.0300850080597938,"Upregulated in SAC"
"Aminoacyl-tRNA biosynthesis",-1.89302502010896,2.73641451389919e-05,"ECs_R0037","tRNA-Met",1.02929574267558,0.0723272382685968,"Not Significant"
"Aminoacyl-tRNA biosynthesis",-1.89302502010896,2.73641451389919e-05,"ECs_R0126","tRNA-Leu",1.00975961574717,0.0225628887352564,"Upregulated in SAC"
"Aminoacyl-tRNA biosynthesis",-1.89302502010896,2.73641451389919e-05,"ECs_R0089","tRNA-Arg",1.00686383568716,0.183441518009112,"Not Significant"
"Aminoacyl-tRNA biosynthesis",-1.89302502010896,2.73641451389919e-05,"ECs_R0110","tRNA-Leu",0.991875827961494,0.302521256820072,"Not Significant"
"Aminoacyl-tRNA biosynthesis",-1.89302502010896,2.73641451389919e-05,"ECs_R0095","tRNA-Gly",0.98183044444102,0.227256659456583,"Not Significant"
"Aminoacyl-tRNA biosynthesis",-1.89302502010896,2.73641451389919e-05,"ECs_R0112","tRNA-Leu",0.966741062015825,0.318914672743656,"Not Significant"
"Aminoacyl-tRNA biosynthesis",-1.89302502010896,2.73641451389919e-05,"ECs_R0088","tRNA-Arg",0.921918159186943,0.185313959977192,"Not Significant"
"Aminoacyl-tRNA biosynthesis",-1.89302502010896,2.73641451389919e-05,"ECs_R0096","tRNA-Phe",0.894745642827032,0.239748778667083,"Not Significant"
"Aminoacyl-tRNA biosynthesis",-1.89302502010896,2.73641451389919e-05,"ECs_R0048","tRNA-Ser",0.878890775756123,0.127714069475839,"Not Significant"
"Aminoacyl-tRNA biosynthesis",-1.89302502010896,2.73641451389919e-05,"ECs_R0069","tRNA-Arg",0.878278163312892,0.289923669444443,"Not Significant"
"Aminoacyl-tRNA biosynthesis",-1.89302502010896,2.73641451389919e-05,"ECs_R0032","tRNA-Gln",0.856539217513415,0.0506734812419486,"Not Significant"
"Aminoacyl-tRNA biosynthesis",-1.89302502010896,2.73641451389919e-05,"ECs_R0034","tRNA-Gln",0.847658141000849,0.101724063702786,"Not Significant"
"Aminoacyl-tRNA biosynthesis",-1.89302502010896,2.73641451389919e-05,"ECs_R0087","tRNA-Arg",0.847118812997948,0.0849415487896702,"Not Significant"
"Aminoacyl-tRNA biosynthesis",-1.89302502010896,2.73641451389919e-05,"ECs_R0083","tRNA-Val",0.839424790698465,0.212638521513225,"Not Significant"
"Aminoacyl-tRNA biosynthesis",-1.89302502010896,2.73641451389919e-05,"ECs_R0028","tRNA-Thr",0.833979607971212,0.135802210596426,"Not Significant"
"Aminoacyl-tRNA biosynthesis",-1.89302502010896,2.73641451389919e-05,"ECs_R0044","tRNA-Ser",0.833028589787786,0.281838588511951,"Not Significant"
"Aminoacyl-tRNA biosynthesis",-1.89302502010896,2.73641451389919e-05,"ECs_R0073","tRNA-Asn",0.822614022201999,0.0657077538957422,"Not Significant"
"Aminoacyl-tRNA biosynthesis",-1.89302502010896,2.73641451389919e-05,"ECs_R0081","tRNA-Val",0.821006875139871,0.234426037590373,"Not Significant"
"Aminoacyl-tRNA biosynthesis",-1.89302502010896,2.73641451389919e-05,"ECs_R0074","tRNA-Asn",0.819881139362901,0.281689950802058,"Not Significant"
"Aminoacyl-tRNA biosynthesis",-1.89302502010896,2.73641451389919e-05,"ECs_R0080","tRNA-Ala",0.812678164303489,0.209789325573334,"Not Significant"
"Aminoacyl-tRNA biosynthesis",-1.89302502010896,2.73641451389919e-05,"ECs_R0066","tRNA-Leu",0.808077876509291,0.175205845323587,"Not Significant"
"Aminoacyl-tRNA biosynthesis",-1.89302502010896,2.73641451389919e-05,"ECs_R0033","tRNA-Met",0.792901394631652,0.162315989418843,"Not Significant"
"Aminoacyl-tRNA biosynthesis",-1.89302502010896,2.73641451389919e-05,"ECs_R0091","tRNA-Ser",0.773492844950262,0.393147540999827,"Not Significant"
"Aminoacyl-tRNA biosynthesis",-1.89302502010896,2.73641451389919e-05,"ECs_R0030","tRNA-Arg",0.765131369078055,0.301590522931751,"Not Significant"
"Aminoacyl-tRNA biosynthesis",-1.89302502010896,2.73641451389919e-05,"ECs_R0108","tRNA-Arg",0.743266084081984,0.37258859520241,"Not Significant"
"Aminoacyl-tRNA biosynthesis",-1.89302502010896,2.73641451389919e-05,"ECs_R0039","tRNA-Val",0.742116379127544,0.24926934157677,"Not Significant"
"Aminoacyl-tRNA biosynthesis",-1.89302502010896,2.73641451389919e-05,"ECs_R0027","tRNA-Asp",0.729885901162513,0.454685664731661,"Not Significant"
"Aminoacyl-tRNA biosynthesis",-1.89302502010896,2.73641451389919e-05,"ECs_R0049","tRNA-Ile",0.722643539312299,0.206803187936611,"Not Significant"
"Aminoacyl-tRNA biosynthesis",-1.89302502010896,2.73641451389919e-05,"ECs_R0035","tRNA-Gln",0.721904315278041,0.0932369549241244,"Not Significant"
"Aminoacyl-tRNA biosynthesis",-1.89302502010896,2.73641451389919e-05,"ECs_R0113","tRNA-Pro",0.698032685566069,0.505804998859376,"Not Significant"
"Aminoacyl-tRNA biosynthesis",-1.89302502010896,2.73641451389919e-05,"ECs_R0116","tRNA-Glu",0.678295333159431,0.0412159667402948,"Not Significant"
"Aminoacyl-tRNA biosynthesis",-1.89302502010896,2.73641451389919e-05,"ECs_R0045","tRNA-Ile",0.678236289086991,0.558847457954234,"Not Significant"
"Aminoacyl-tRNA biosynthesis",-1.89302502010896,2.73641451389919e-05,"ECs_R0085","tRNA-Glu",0.6638899222574,0.0482725890750906,"Not Significant"
"Aminoacyl-tRNA biosynthesis",-1.89302502010896,2.73641451389919e-05,"ECs_R0109","tRNA-His",0.662914260229701,0.0461119934436033,"Not Significant"
"Aminoacyl-tRNA biosynthesis",-1.89302502010896,2.73641451389919e-05,"ECs_R0121","tRNA-Glu",0.624358055535794,0.0588736363514369,"Not Significant"
"Aminoacyl-tRNA biosynthesis",-1.89302502010896,2.73641451389919e-05,"ECs_R0090","tRNA-Arg",0.620864718407112,0.293513050611517,"Not Significant"
"Aminoacyl-tRNA biosynthesis",-1.89302502010896,2.73641451389919e-05,"ECs_R0105","tRNA-Glu",0.612473550012821,0.234426037590373,"Not Significant"
"Aminoacyl-tRNA biosynthesis",-1.89302502010896,2.73641451389919e-05,"ECs_R0047","tRNA-Arg",0.57569960609709,0.214906246688618,"Not Significant"
"Aminoacyl-tRNA biosynthesis",-1.89302502010896,2.73641451389919e-05,"ECs_R0084","tRNA-Lys",0.574964534753496,0.336594405675113,"Not Significant"
"Aminoacyl-tRNA biosynthesis",-1.89302502010896,2.73641451389919e-05,"ECs_R0053","tRNA-Tyr",0.572060268358685,0.244233987505449,"Not Significant"
"Aminoacyl-tRNA biosynthesis",-1.89302502010896,2.73641451389919e-05,"ECs_R0094","tRNA-Met",0.570602650575554,0.350356053768372,"Not Significant"
"Aminoacyl-tRNA biosynthesis",-1.89302502010896,2.73641451389919e-05,"ECs_R0102","tRNA-Ile",0.558504335904271,0.318296512838793,"Not Significant"
"Aminoacyl-tRNA biosynthesis",-1.89302502010896,2.73641451389919e-05,"ECs_R0061","tRNA-Arg",0.535731411533865,0.732884744337088,"Not Significant"
"Aminoacyl-tRNA biosynthesis",-1.89302502010896,2.73641451389919e-05,"ECs_R0111","tRNA-Pro",0.511707140027768,0.192997094689886,"Not Significant"
"Aminoacyl-tRNA biosynthesis",-1.89302502010896,2.73641451389919e-05,"ECs_R0075","tRNA-Asn",0.511322440498646,0.656459291096319,"Not Significant"
"Aminoacyl-tRNA biosynthesis",-1.89302502010896,2.73641451389919e-05,"ECs_R0077","tRNA-Pro",0.493394158782811,0.364557901994177,"Not Significant"
"Aminoacyl-tRNA biosynthesis",-1.89302502010896,2.73641451389919e-05,"ECs_R0054","tRNA-Tyr",0.491523798878062,0.271952421729384,"Not Significant"
"Aminoacyl-tRNA biosynthesis",-1.89302502010896,2.73641451389919e-05,"ECs_R0041","tRNA-Val",0.489915304258081,0.520307565960207,"Not Significant"
"Bacterial chemotaxis",-2.16005904306068,1.91932306540796e-14,"ECs_2685","flagellar motor switching and energizing component",8.48239170526719,0.000116789845691926,"Upregulated in SAC"
"Bacterial chemotaxis",-2.16005904306068,1.91932306540796e-14,"ECs_2599","chemotaxis protein MotB",8.31683105460175,6.7216514060218e-06,"Upregulated in SAC"
"Bacterial chemotaxis",-2.16005904306068,1.91932306540796e-14,"ECs_2678","flagellar motor switching and energizing component",8.25150825849781,6.7216514060218e-06,"Upregulated in SAC"
"Bacterial chemotaxis",-2.16005904306068,1.91932306540796e-14,"ECs_2596","methyl-accepting chemotaxis protein II",8.06323163208662,6.81618490478951e-06,"Upregulated in SAC"
"Bacterial chemotaxis",-2.16005904306068,1.91932306540796e-14,"ECs_2600","flagellar motor protein MotA",8.04206270621625,7.42127638599276e-06,"Upregulated in SAC"
"Bacterial chemotaxis",-2.16005904306068,1.91932306540796e-14,"ECs_2598","chemotaxis protein CheA",7.96448319058001,1.09192907533663e-05,"Upregulated in SAC"
"Bacterial chemotaxis",-2.16005904306068,1.91932306540796e-14,"ECs_2595","methyl-accepting chemotaxis protein IV",7.93410806682407,1.57450379763404e-05,"Upregulated in SAC"
"Bacterial chemotaxis",-2.16005904306068,1.91932306540796e-14,"ECs_2684","flagellar motor switching and energizing component",7.60853446328962,1.1334639327557e-05,"Upregulated in SAC"
"Bacterial chemotaxis",-2.16005904306068,1.91932306540796e-14,"ECs_5315","methyl-accepting chemotaxis protein II",7.5665403493812,6.7216514060218e-06,"Upregulated in SAC"
"Bacterial chemotaxis",-2.16005904306068,1.91932306540796e-14,"ECs_2593","chemotaxis-specific methylesterase",7.33042147755038,6.7216514060218e-06,"Upregulated in SAC"
"Bacterial chemotaxis",-2.16005904306068,1.91932306540796e-14,"ECs_2591","chemotaxis protein CheZ",7.2722136566226,6.7216514060218e-06,"Upregulated in SAC"
"Bacterial chemotaxis",-2.16005904306068,1.91932306540796e-14,"ECs_2597","purine-binding chemotaxis protein",7.21253873539916,7.57846678128298e-06,"Upregulated in SAC"
"Bacterial chemotaxis",-2.16005904306068,1.91932306540796e-14,"ECs_2592","chemotaxis regulator transmitting signal to flagellar motor component",7.20486951211299,1.36202279305598e-05,"Upregulated in SAC"
"Bacterial chemotaxis",-2.16005904306068,1.91932306540796e-14,"ECs_2594","chemotaxis protein methyltransferase CheR",7.16369644131063,1.15345150789242e-05,"Upregulated in SAC"
"Bacterial chemotaxis",-2.16005904306068,1.91932306540796e-14,"ECs_2026","methyl-accepting chemotaxis protein III",3.4924248001763,0.000119677436196284,"Upregulated in SAC"
"Bacterial chemotaxis",-2.16005904306068,1.91932306540796e-14,"ECs_3954","aerotaxis receptor",2.95859544364033,0.00053829306164497,"Upregulated in SAC"
"Flagellar assembly",-2.43841558635291,2.42992111191046e-39,"ECs_2662","flagellin",9.26738252664794,6.7216514060218e-06,"Upregulated in SAC"
"Flagellar assembly",-2.43841558635291,2.42992111191046e-39,"ECs_1452","flagellar component of cell-proximal portion of basal-body rod",9.11182368993053,0.000129107298722041,"Upregulated in SAC"
"Flagellar assembly",-2.43841558635291,2.42992111191046e-39,"ECs_1453","flagellar hook assembly protein",9.07283220603316,6.7216514060218e-06,"Upregulated in SAC"
"Flagellar assembly",-2.43841558635291,2.42992111191046e-39,"ECs_1451","flagellar component of cell-proximal portion of basal-body rod",8.83214830728614,3.29000864892629e-05,"Upregulated in SAC"
"Flagellar assembly",-2.43841558635291,2.42992111191046e-39,"ECs_2661","RNA polymerase sigma 28 factor FilA",8.73249907038382,6.7216514060218e-06,"Upregulated in SAC"
"Flagellar assembly",-2.43841558635291,2.42992111191046e-39,"ECs_2677","flagellar basal-body MS-ring and collar protein",8.72504552340748,6.7216514060218e-06,"Upregulated in SAC"
"Flagellar assembly",-2.43841558635291,2.42992111191046e-39,"ECs_2681","flagellar protein",8.64012053761899,1.84384059791783e-05,"Upregulated in SAC"
"Flagellar assembly",-2.43841558635291,2.42992111191046e-39,"ECs_2664","flagellar protein potentiates polymerization",8.48954558830116,6.7216514060218e-06,"Upregulated in SAC"
"Flagellar assembly",-2.43841558635291,2.42992111191046e-39,"ECs_2685","flagellar motor switching and energizing component",8.48239170526719,0.000116789845691926,"Upregulated in SAC"
"Flagellar assembly",-2.43841558635291,2.42992111191046e-39,"ECs_1454","flagellar hook protein",8.41887762165217,6.7216514060218e-06,"Upregulated in SAC"
"Flagellar assembly",-2.43841558635291,2.42992111191046e-39,"ECs_2599","chemotaxis protein MotB",8.31683105460175,6.7216514060218e-06,"Upregulated in SAC"
"Flagellar assembly",-2.43841558635291,2.42992111191046e-39,"ECs_2680","flagellum-specific ATP synthase",8.29464520838113,1.36202279305598e-05,"Upregulated in SAC"
"Flagellar assembly",-2.43841558635291,2.42992111191046e-39,"ECs_2663","flagellar filament capping protein",8.28994435705063,6.7216514060218e-06,"Upregulated in SAC"
"Flagellar assembly",-2.43841558635291,2.42992111191046e-39,"ECs_2678","flagellar motor switching and energizing component",8.25150825849781,6.7216514060218e-06,"Upregulated in SAC"
"Flagellar assembly",-2.43841558635291,2.42992111191046e-39,"ECs_2679","negative regulator of FliI ATPase activity",8.1707795898197,6.7216514060218e-06,"Upregulated in SAC"
"Flagellar assembly",-2.43841558635291,2.42992111191046e-39,"ECs_1456","flagellar component of cell-distal portion of basal-body rod",8.0739849795554,6.7216514060218e-06,"Upregulated in SAC"
"Flagellar assembly",-2.43841558635291,2.42992111191046e-39,"ECs_2600","flagellar motor protein MotA",8.04206270621625,7.42127638599276e-06,"Upregulated in SAC"
"Flagellar assembly",-2.43841558635291,2.42992111191046e-39,"ECs_1457","flagellar protein of basal-body outer-membrane L ring",7.97512100485465,7.54207093606414e-06,"Upregulated in SAC"
"Flagellar assembly",-2.43841558635291,2.42992111191046e-39,"ECs_1455","flagellar component of cell-proximal portion of basal-body rod",7.92471171017544,6.7216514060218e-06,"Upregulated in SAC"
"Flagellar assembly",-2.43841558635291,2.42992111191046e-39,"ECs_1460","flagellar hook-filament junction protein 1",7.8747435159527,6.7216514060218e-06,"Upregulated in SAC"
"Flagellar assembly",-2.43841558635291,2.42992111191046e-39,"ECs_1458","flagellar basal body protein",7.72581133803971,6.7216514060218e-06,"Upregulated in SAC"
"Flagellar assembly",-2.43841558635291,2.42992111191046e-39,"ECs_2676","flagellar basal-body component",7.62039618771875,5.07780827053209e-05,"Upregulated in SAC"
"Flagellar assembly",-2.43841558635291,2.42992111191046e-39,"ECs_2684","flagellar motor switching and energizing component",7.60853446328962,1.1334639327557e-05,"Upregulated in SAC"
"Flagellar assembly",-2.43841558635291,2.42992111191046e-39,"ECs_2686","flagellar biosynthesis protein",7.60077571395714,6.26711197466691e-05,"Upregulated in SAC"
"Flagellar assembly",-2.43841558635291,2.42992111191046e-39,"ECs_2682","flagellar hook-length control protein",7.52433842500658,6.7216514060218e-06,"Upregulated in SAC"
"Flagellar assembly",-2.43841558635291,2.42992111191046e-39,"ECs_2590","flagellin export apparatus substrate specificity protein",7.51290643080518,9.70708644906436e-06,"Upregulated in SAC"
"Flagellar assembly",-2.43841558635291,2.42992111191046e-39,"ECs_1459","flagellar rod assembly protein and murein hydrolase",7.50038189436688,3.05953183199327e-05,"Upregulated in SAC"
"Flagellar assembly",-2.43841558635291,2.42992111191046e-39,"ECs_2665","flagellar synthesis and assembly chaperone",7.46472019956647,7.20457711034855e-06,"Upregulated in SAC"
"Flagellar assembly",-2.43841558635291,2.42992111191046e-39,"ECs_2683","flagellar biosynthesis protein",7.13593302363629,6.7216514060218e-06,"Upregulated in SAC"
"Flagellar assembly",-2.43841558635291,2.42992111191046e-39,"ECs_2687","flagellar biosynthesis protein",7.06685650168572,6.7216514060218e-06,"Upregulated in SAC"
"Flagellar assembly",-2.43841558635291,2.42992111191046e-39,"ECs_2589","flagellar export pore protein",7.00949336528878,1.1334639327557e-05,"Upregulated in SAC"
"Flagellar assembly",-2.43841558635291,2.42992111191046e-39,"ECs_2660","flagellar biosynthesis protein FliZ",6.77535333490036,9.30086718306181e-06,"Upregulated in SAC"
"Flagellar assembly",-2.43841558635291,2.42992111191046e-39,"ECs_2688","flagellar biosynthesis protein",6.45037576114604,4.05940436589747e-05,"Upregulated in SAC"
"Flagellar assembly",-2.43841558635291,2.42992111191046e-39,"ECs_1449","anti-sigma factor for FliA",6.30073929105386,1.61339486996737e-05,"Upregulated in SAC"
"Flagellar assembly",-2.43841558635291,2.42992111191046e-39,"ECs_2588","flagellar protein FlhE",6.18988313230242,6.79006173871487e-05,"Upregulated in SAC"
"Flagellar assembly",-2.43841558635291,2.42992111191046e-39,"ECs_1450","assembly protein for flagellar basal-body periplasmic P ring",6.13219228011845,1.8136684651433e-05,"Upregulated in SAC"
"Flagellar assembly",-2.43841558635291,2.42992111191046e-39,"ECs_1461","flagellar hook-filament junction protein",6.13030173502396,6.81618490478951e-06,"Upregulated in SAC"
"Flagellar assembly",-2.43841558635291,2.42992111191046e-39,"ECs_2689","flagellar export pore protein",5.73847780332177,1.15811225324812e-05,"Upregulated in SAC"
"Flagellar assembly",-2.43841558635291,2.42992111191046e-39,"ECs_1448","flagella synthesis protein FlgN",5.12436402890896,0.000119677436196284,"Upregulated in SAC"
"Flagellar assembly",-2.43841558635291,2.42992111191046e-39,"ECs_2601","flagellar class II regulon transcriptional activator",3.29948153103689,0.000917842841289258,"Upregulated in SAC"
"Flagellar assembly",-2.43841558635291,2.42992111191046e-39,"ECs_2602","flagellar class II regulon transcriptional activator",2.86908682779641,0.00225855360029091,"Upregulated in SAC"
